date,price
2024-04-18,122000
2024-04-19,121000
2024-04-20,123500
2024-04-21,123500
2024-04-22,127000
2024-04-23,129000
2024-04-24,129300
2024-04-25,132000
2024-04-26,134000
2024-04-27,131500
2024-04-28,134000
2024-04-29,134000
2024-04-30,134200
2024-05-01,133000
2024-05-02,130500
2024-05-03,118000
2024-05-04,103000
2024-05-05,101000
2024-05-06,100000
2024-05-07,100000
2024-05-08,95000
2024-05-09,98000
2024-05-10,99000
2024-05-11,99500
2024-05-12,101000
2024-05-13,101000
2024-05-14,100800
2024-05-15,102000
2024-05-16,101500
2024-05-17,102400
2024-05-18,103900
2024-05-19,103900
2024-05-20,104000
2024-05-21,105600
2024-05-22,110000
2024-05-23,117000
2024-05-24,114000
2024-05-25,115500
2024-05-26,115500
2024-05-27,116200
2024-05-28,116700
2024-05-29,120700
2024-05-30,122700
2024-05-31,123500
2024-06-01,120000
2024-06-02,120000
2024-06-03,120000
2024-06-04,123000
2024-06-05,124500
2024-06-06,126000
2024-06-07,125400
2024-06-08,123400
2024-06-09,124000
2024-06-10,124000
2024-06-11,122400
2024-06-12,121000
2024-06-13,121400
2024-06-14,121600
2024-06-15,120000
2024-06-16,120000
2024-06-17,120000
2024-06-18,121000
2024-06-19,119800
2024-06-20,121000
2024-06-21,123000
2024-06-22,121500
2024-06-23,121500
2024-06-24,121300
2024-06-25,124300
2024-06-26,121300
2024-06-27,120000
2024-06-28,119800
2024-06-29,119200
2024-06-30,119200
2024-07-01,120000
2024-07-02,121200
2024-07-03,121700
2024-07-04,121000
2024-07-05,123000
2024-07-06,123600
2024-07-07,123600
2024-07-08,124100
2024-07-09,125700
2024-07-10,127700
2024-07-11,126200
2024-07-12,128000
2024-07-13,128500
2024-07-14,128500
2024-07-15,128500
2024-07-16,127800
2024-07-17,127500
2024-07-18,127600
2024-07-19,125600
2024-07-20,126600
2024-07-21,126600
2024-07-22,127000
2024-07-23,128000
2024-07-24,126500
2024-07-25,124500
2024-07-26,125300
2024-07-27,123800
2024-07-28,123800
2024-07-29,123900
2024-07-30,123400
2024-07-31,123500
2024-08-01,123400
2024-08-02,123000
2024-08-03,123000
2024-08-04,123000
2024-08-05,122500
2024-08-06,120500
2024-08-07,121000
2024-08-08,122800
2024-08-09,121800
2024-08-10,119300
2024-08-11,119300
2024-08-12,118500
2024-08-13,119500
2024-08-14,117300
2024-08-15,117600
2024-08-16,117800
2024-08-17,118100
2024-08-18,118100
2024-08-19,118000
2024-08-20,118100
2024-08-21,119200
2024-08-22,119300
2024-08-23,118300
2024-08-24,119800
2024-08-25,119800
2024-08-26,120000
2024-08-27,120200
2024-08-28,121400
2024-08-29,121800
2024-08-30,121400
2024-08-31,121900
2024-09-01,121900
2024-09-02,121900
2024-09-03,117900
2024-09-04,118100
2024-09-05,120200
2024-09-06,120500
2024-09-07,118500
2024-09-08,118500
2024-09-09,118200
2024-09-10,120200
2024-09-11,120300
2024-09-12,121500
2024-09-13,122000
2024-09-14,124000
2024-09-15,124000
2024-09-16,123800
2024-09-17,123200
2024-09-18,123400
2024-09-19,123600
2024-09-20,122100
2024-09-21,120000
2024-09-22,120000
2024-09-23,119500
2024-09-24,120700
2024-09-25,120800
2024-09-26,122000
2024-09-27,122600
2024-09-28,122100
2024-09-29,122100
2024-09-30,122000
2024-10-01,122100
2024-10-02,121700
2024-10-03,117200
2024-10-04,114700
2024-10-05,116200
2024-10-06,116200
2024-10-07,116100
2024-10-08,113600
2024-10-09,113400
2024-10-10,113500
2024-10-11,114000
2024-10-12,113600
2024-10-13,113600
2024-10-14,113600
2024-10-15,114700
2024-10-16,113700
2024-10-17,113200
2024-10-18,111200
2024-10-19,111500
2024-10-20,111500
2024-10-21,111600
2024-10-22,111400
2024-10-23,109600
2024-10-24,109800
2024-10-25,108600
2024-10-26,109800
2024-10-27,109800
2024-10-28,109000
2024-10-29,110500
2024-10-30,108600
2024-10-31,109200
2024-11-01,107700
2024-11-02,106500
2024-11-03,106500
2024-11-04,106000
2024-11-05,106400
2024-11-06,107000
2024-11-07,106000
2024-11-08,108500
2024-11-09,107000
2024-11-10,107000
2024-11-11,107000
2024-11-12,109700
2024-11-13,110300
2024-11-14,111000
2024-11-15,113800
2024-11-16,113200
2024-11-17,113200
2024-11-18,113500
2024-11-19,114300
2024-11-20,113500
2024-11-21,115300
2024-11-22,115500
2024-11-23,117500
2024-11-24,119000
2024-11-25,120000
2024-11-26,121600
2024-11-27,124000
2024-11-28,128000
2024-11-29,131000
2024-11-30,130000
2024-12-01,130000
2024-12-02,128000
2024-12-03,109000
2024-12-04,108000
2024-12-05,114000
2024-12-06,120000
2024-12-07,124000
2024-12-08,124000
2024-12-09,122000
2024-12-10,124000
2024-12-11,124700
2024-12-12,123000
2024-12-13,124000
2024-12-14,125000
2024-12-15,125000
2024-12-16,124000
2024-12-17,124800
2024-12-18,124000
2024-12-19,123800
2024-12-20,122000
2024-12-21,121000
2024-12-22,121000
2024-12-23,120500
2024-12-24,120700
2024-12-25,120700
2024-12-26,121500
2024-12-27,122000
2024-12-28,120800
2024-12-29,120800
2024-12-30,121000
2024-12-31,120300
2025-01-01,119400
2025-01-02,119500
2025-01-03,122000
2025-01-04,120300
2025-01-05,120300
2025-01-06,120500
2025-01-07,121000
2025-01-08,121300
2025-01-09,119000
2025-01-10,119500
2025-01-11,119000
2025-01-12,119000
2025-01-13,118000
2025-01-14,115200
2025-01-15,114500
2025-01-16,116000
2025-01-17,117000
2025-01-18,119300
2025-01-19,120000
2025-01-20,119000
2025-01-21,120000
2025-01-22,122200
2025-01-23,124000
2025-01-24,124200
2025-01-25,125300
2025-01-26,125300
2025-01-27,125300
2025-01-28,124300
2025-01-29,125800
2025-01-30,127600
2025-01-31,128800
2025-02-01,128800
2025-02-02,128800
2025-02-03,130500
2025-02-04,128000
2025-02-05,129000
2025-02-06,130400
2025-02-07,130500
2025-02-08,129500
2025-02-09,129500
2025-02-10,129000
2025-02-11,131000
2025-02-12,130800
2025-02-13,133000
2025-02-14,132300
2025-02-15,131000
2025-02-16,131000
2025-02-17,132000
2025-02-18,131500
2025-02-19,132500
2025-02-20,133300
2025-02-21,132000
2025-02-22,134000
2025-02-23,134000
2025-02-24,134000
2025-02-25,131500
2025-02-26,129000
2025-02-27,130500
2025-02-28,130000
2025-03-01,129500
2025-03-02,129500
2025-03-03,130000
2025-03-04,133000
2025-03-05,135000
2025-03-06,134000
2025-03-07,130500
2025-03-08,129800
2025-03-09,129800
2025-03-10,131000
2025-03-11,131300
2025-03-12,134000
2025-03-13,133000
2025-03-14,133500
2025-03-15,132000
2025-03-16,132000
2025-03-17,132700
2025-03-18,134000
2025-03-19,134000
2025-03-20,135000
2025-03-21,133500
2025-03-22,133900
2025-03-23,133900
2025-03-24,133800
2025-03-25,133700
2025-03-26,135400
2025-03-27,133400
2025-03-28,132300
2025-03-29,132300
2025-03-30,132300
2025-03-31,133000
2025-04-01,132300
2025-04-02,133500
2025-04-03,133500
2025-04-04,131000
2025-04-05,127200
2025-04-06,127200
2025-04-07,127200
2025-04-08,120000
2025-04-09,118000
2025-04-10,121000
2025-04-11,123000
2025-04-12,125000
2025-04-13,125000
2025-04-14,125000
2025-04-15,130200
2025-04-16,133000
2025-04-17,133700
2025-04-18,129700
2025-04-19,129700
2025-04-20,129700
2025-04-21,129700
2025-04-22,129500
2025-04-23,129400
2025-04-24,130500
2025-04-25,132200
2025-04-26,130700
2025-04-27,130700
2025-04-28,130700
2025-04-29,130800
2025-04-30,130800
2025-05-01,131200
2025-05-02,127200
2025-05-03,130000
2025-05-04,130000
2025-05-05,128500
2025-05-06,128500
2025-05-07,128300
2025-05-08,128000
2025-05-09,128500
2025-05-10,128200
2025-05-11,128200
2025-05-12,127800
2025-05-13,126000
2025-05-14,128500
2025-05-15,126000
2025-05-16,126200
2025-05-17,125000
2025-05-18,125000
2025-05-19,124500
2025-05-20,126500
2025-05-21,125000
2025-05-22,125200
2025-05-23,122500
2025-05-24,122500
2025-05-25,122500
2025-05-26,122500
2025-05-27,123700
2025-05-28,122200
2025-05-29,120000
2025-05-30,118500
2025-05-31,117500
2025-06-01,117500
2025-06-02,117500
2025-06-03,116500
2025-06-04,114000
2025-06-05,114100
2025-06-06,115700
2025-06-07,114000
2025-06-08,114000
2025-06-09,113800
2025-06-10,115500
2025-06-11,112500
2025-06-12,112000
2025-06-13,112800
2025-06-14,112500
2025-06-15,112500
2025-06-16,112000
2025-06-17,110600
2025-06-18,109700
2025-06-19,103500
2025-06-20,101000
2025-06-21,96000
2025-06-22,96000
2025-06-23,96000
2025-06-24,99200
2025-06-25,95000
2025-06-26,91000
2025-06-27,93800
2025-06-28,94200
2025-06-29,94200
2025-06-30,94500
2025-07-01,94700
2025-07-02,95500
2025-07-03,95200
2025-07-04,95500
2025-07-05,96300
2025-07-06,96300
2025-07-07,96500
2025-07-08,92800
2025-07-09,93800
2025-07-10,92600
2025-07-11,90300
2025-07-12,90300
2025-07-13,90300
2025-07-14,88300
2025-07-15,94600
2025-07-16,91600
2025-07-17,92500
2025-07-18,92000
2025-07-19,93800
2025-07-20,93800
2025-07-21,93800
2025-07-22,92300
2025-07-23,95500
2025-07-24,96000
2025-07-25,97500
2025-07-26,95500
2025-07-27,95500
2025-07-28,96500
2025-07-29,97300
2025-07-30,98000
2025-07-31,99700
2025-08-01,100000
2025-08-02,99500
2025-08-03,99500
2025-08-04,99000
2025-08-05,100000
2025-08-06,101000
2025-08-07,100500
2025-08-08,101500
2025-08-09,103800
2025-08-10,103800
2025-08-11,104000
2025-08-12,107300
2025-08-13,108000
2025-08-14,111500
2025-08-15,114800
2025-08-16,117300
2025-08-17,117300
2025-08-18,117600
2025-08-19,117100
2025-08-20,121700
2025-08-21,123000
2025-08-22,123200
2025-08-23,124000
2025-08-24,124000
2025-08-25,122000
2025-08-26,122000
2025-08-27,122300
2025-08-28,123700
2025-08-29,122300
2025-08-30,122400
2025-08-31,122400
2025-09-01,122500
2025-09-02,121300
2025-09-03,115000
2025-09-04,115300
2025-09-05,115000
2025-09-06,113200
2025-09-07,113200
2025-09-08,113200
2025-09-09,115500
2025-09-10,114500
2025-09-11,116800
2025-09-12,118200
2025-09-13,120200
2025-09-14,120200
2025-09-15,120000
2025-09-16,122700
2025-09-17,121200
2025-09-18,116500
2025-09-19,116500
2025-09-20,111500
2025-09-21,111500
2025-09-22,112000
2025-09-23,114500
2025-09-24,111500
2025-09-25,114500
2025-09-26,113000
2025-09-27,115500
2025-09-28,115500
2025-09-29,116500
2025-09-30,116000
2025-10-01,116000
2025-10-02,117700
2025-10-03,115500
2025-10-04,117000
2025-10-05,117000
2025-10-06,117000
2025-10-07,115000
2025-10-08,114000
2025-10-09,115000
2025-10-10,114500
2025-10-11,113800
2025-10-12,113800
2025-10-13,113800
2025-10-14,114500
2025-10-15,113800
2025-10-16,114500
2025-10-17,115500
2025-10-18,114500
2025-10-19,114500
2025-10-20,114500
2025-10-21,114500
2025-10-22,115600
2025-10-23,118500
2025-10-24,118500
2025-10-25,116500
2025-10-26,116500
2025-10-27,117000
2025-10-28,115700
2025-10-29,115800
2025-10-30,116500
2025-10-31,118000
2025-11-01,116800
2025-11-02,116800
2025-11-03,117000
2025-11-04,119000
2025-11-05,118700
2025-11-06,119000
2025-11-07,116800
2025-11-08,119500
2025-11-09,119500
2025-11-10,119600
2025-11-11,119000
2025-11-12,118500
2025-11-13,113500
2025-11-14,113000
2025-11-15,113200
2025-11-16,113400
2025-11-17,113600
2025-11-18,113700
2025-11-19,114700
2025-11-20,113500
2025-11-21,114700
2025-11-22,112500
2025-11-23,112500
2025-11-24,112000
2025-11-25,111000
2025-11-26,112000
2025-11-27,111500
2025-11-28,112000
2025-11-29,112300
2025-11-30,112300
2025-12-01,111000
2025-12-02,107000
2025-12-03,105500
2025-12-04,103600
2025-12-05,104000
2025-12-06,103000
2025-12-07,103000
2025-12-08,103200
2025-12-09,101100
2025-12-10,101300
2025-12-11,101800
2025-12-12,101000
2025-12-13,99200
2025-12-14,99200
2025-12-15,97300
2025-12-16,95300
2025-12-17,93300
2025-12-18,89800
2025-12-19,89300
2025-12-20,90300
2025-12-21,90300
2025-12-22,91500
2025-12-23,92500
2025-12-24,95000
2025-12-25,96700
2025-12-26,96700
2025-12-27,98000
2025-12-28,98000
2025-12-29,96500
2025-12-30,97300
2025-12-31,98000
2026-01-01,98300
2026-01-02,98500
2026-01-03,98500
2026-01-04,98500
2026-01-05,98500
2026-01-06,98000
2026-01-07,99000
2026-01-08,98000
2026-01-09,97800
2026-01-10,97500
2026-01-11,97500
2026-01-12,97500
2026-01-13,97500
2026-01-14,98400
2026-01-15,98500
2026-01-16,99000
2026-01-17,99000
2026-01-18,99000
2026-01-19,99000
2026-01-20,99600
2026-01-21,98200
2026-01-22,100000
2026-01-23,99200
2026-01-24,101000
2026-01-25,101000
2026-01-26,101000
2026-01-27,101600
2026-01-28,102300
2026-01-29,101300
2026-01-30,101800
2026-01-31,100800
2026-02-01,100800
2026-02-02,101000
2026-02-03,99800
2026-02-04,95500
2026-02-05,94700
2026-02-06,95800
2026-02-07,94800
2026-02-08,94800
2026-02-09,95800
2026-02-10,96300
2026-02-11,95300
2026-02-12,95500
2026-02-13,97500
2026-02-14,97700
2026-02-15,97700
2026-02-16,97700
2026-02-17,97700
2026-02-18,97700
2026-02-19,97700
2026-02-20,97700
2026-02-21,97700
2026-02-22,97700
2026-02-23,93700
2026-02-24,93400
2026-02-25,96000
2026-02-26,97000
2026-02-27,96000
2026-02-28,96000
2026-03-01,96000
2026-03-02,95500
2026-03-03,96200
2026-03-04,94800
2026-03-05,96000
2026-03-06,96000
2026-03-07,96500
2026-03-08,96500
2026-03-09,96500
2026-03-10,96500
2026-03-11,95700
2026-03-12,92700
2026-03-13,94000
2026-03-14,90500
2026-03-15,90500
2026-03-16,90300
2026-03-17,90500
2026-03-18,92000
2026-03-19,92500
2026-03-20,93500
2026-03-21,94000
2026-03-22,94000
2026-03-23,94000
2026-03-24,93500
2026-03-25,94000
2026-03-26,93200
2026-03-27,92500
2026-03-28,92300
2026-03-29,92300
2026-03-30,92300
2026-03-31,87500
2026-04-01,89200
2026-04-02,90000
2026-04-03,89200
2026-04-04,89200
2026-04-05,89200
2026-04-06,89200
2026-04-07,89200
2026-04-08,85200
2026-04-09,85800
2026-04-10,85500
2026-04-11,85700
2026-04-12,85700
2026-04-13,86000
2026-04-14,86500
2026-04-15,87100
2026-04-16,88300
2026-04-17,87000
2026-04-18,85000
2026-04-19,85000
2026-04-20,85300
2026-04-21,87300
2026-04-22,86800
2026-04-23,87800
2026-04-24,89300
2026-04-25,88000
2026-04-26,88000
2026-04-27,88000
2026-04-28,87000
2026-04-29,88600
2026-04-30,87600
2026-05-01,86400
2026-05-02,86500
2026-05-03,86500
2026-05-04,85600
2026-05-05,85600
2026-05-06,86000
2026-05-07,87000
2026-05-08,87500
2026-05-09,87100
2026-05-10,87100
2026-05-11,87000
2026-05-12,88000
2026-05-13,87900
2026-05-14,88900
2026-05-15,87700
2026-05-16,87700
2026-05-17,87700
2026-05-18,87000
2026-05-19,85300
2026-05-20,86100
2026-05-21,86000
2026-05-22,86700
2026-05-23,88000
2026-05-24,88000
2026-05-25,87600
2026-05-26,87800
2026-05-27,88500
2026-05-28,87700
2026-05-29,89100
2026-05-30,87300
2026-05-31,87300
2026-06-01,87300
2026-06-02,86700
2026-06-03,87200
2026-06-04,86000
2026-06-05,85800
2026-06-06,85200
2026-06-07,85200
2026-06-08,85100
2026-06-09,85500
2026-06-10,84800
2026-06-11,85300
2026-06-12,87500
2026-06-13,89500
2026-06-14,89500
2026-06-15,89500
2026-06-16,89300
2026-06-17,89300
2026-06-18,89600
2026-06-19,89900
2026-06-20,89200
2026-06-21,89200
2026-06-22,89300
2026-06-23,88500
2026-06-24,88700
2026-06-25,89400
2026-06-26,90400
2026-06-27,89800
2026-06-28,89800
2026-06-29,89800
2026-06-30,89200
2026-07-01,90400
2026-07-02,92000
2026-07-03,93000
2026-07-04,92800
2026-07-05,92800
2026-07-06,92800
2026-07-07,96700
2026-07-08,94700
2026-07-09,92200
2026-07-10,98200
2026-07-11,95200
2026-07-12,95200
2026-07-13,95200
2026-07-14,96000
2026-07-15,97200
2026-07-16,98400
2026-07-17,96200
2026-07-18,97700
2026-07-19,97700
2026-07-20,98000
2026-07-21,98500
2026-07-22,96600
2026-07-23,96400
2026-07-24,94600
2026-07-25,95800
2026-07-26,95800
2026-07-27,96000
2026-07-28,96500
2026-07-29,98300
2026-07-30,96500
2026-07-31,96500
2026-08-01,96700
2026-08-02,96700
2026-08-03,96500
2026-08-04,96500
2026-08-05,98300
2026-08-06,98800
2026-08-07,98300
2026-08-08,97800
2026-08-09,97400
2026-08-10,97000
2026-08-11,96500
2026-08-12,96000
2026-08-13,95600
2026-08-14,95200
2026-08-15,94700
2026-08-16,94700
2026-08-17,95000
2026-08-18,96800
2026-08-19,98300
2026-08-20,97700
2026-08-21,97900
2026-08-22,96200
2026-08-23,96200
2026-08-24,96500
2026-08-25,97500
2026-08-26,97000
2026-08-27,96200
2026-08-28,95200
2026-08-29,95100
2026-08-30,95100
2026-08-31,95500
2026-09-01,95500
2026-09-02,94800
2026-09-03,94200
2026-09-04,93700
2026-09-05,94700
2026-09-06,94700
2026-09-07,94700
2026-09-08,94200
2026-09-09,95500
2026-09-10,95500
2026-09-11,95700
2026-09-12,95200
2026-09-13,95200
2026-09-14,95200
2026-09-15,95400
2026-09-16,94500
2026-09-17,94200
2026-09-18,93600
2026-09-19,93600
2026-09-20,93600
2026-09-21,93600
2026-09-22,92800
2026-09-23,91800
2026-09-24,92800
2026-09-25,92500
2026-09-26,93600
2026-09-27,93600
2026-09-28,93600
