latitude,longitude,elevation,utc_offset_seconds,timezone,timezone_abbreviation
12.688928,108.01631,418.0,25200,Asia/Bangkok,GMT+7

time,temperature_2m_max (°C),temperature_2m_min (°C),precipitation_sum (mm),precipitation_hours (h),rain_sum (mm),shortwave_radiation_sum (MJ/m²),relative_humidity_2m_mean (%),soil_moisture_0_to_7cm_mean (m³/m³),soil_moisture_7_to_28cm_mean (m³/m³),temperature_2m_mean (°C)
2024-04-18,35.8,24.4,0.70,6.0,0.70,22.62,60,0.247,0.271,29.3
2024-04-19,36.4,24.5,0.50,2.0,0.50,23.75,61,0.253,0.271,29.5
2024-04-20,35.8,24.6,0.80,4.0,0.80,22.42,62,0.266,0.271,29.2
2024-04-21,35.6,25.1,0.90,3.0,0.90,22.22,62,0.275,0.271,29.6
2024-04-22,36.2,25.2,0.00,0.0,0.00,24.14,60,0.276,0.271,30.1
2024-04-23,36.6,25.3,1.40,2.0,1.40,22.51,62,0.280,0.271,30.0
2024-04-24,37.7,25.8,0.40,2.0,0.40,24.90,58,0.280,0.271,31.2
2024-04-25,36.5,26.0,0.50,1.0,0.50,22.94,61,0.280,0.271,30.4
2024-04-26,36.5,25.9,0.20,1.0,0.20,20.98,62,0.278,0.271,30.1
2024-04-27,37.5,25.5,0.00,0.0,0.00,24.69,57,0.274,0.271,31.3
2024-04-28,36.6,26.6,0.30,1.0,0.30,23.10,56,0.274,0.272,31.0
2024-04-29,37.0,26.2,0.00,0.0,0.00,24.50,52,0.274,0.272,31.4
2024-04-30,38.1,25.5,0.00,0.0,0.00,25.61,51,0.271,0.272,31.7
2024-05-01,37.2,26.3,0.30,1.0,0.30,23.40,58,0.272,0.272,31.0
2024-05-02,35.8,25.9,3.00,6.0,3.00,22.75,64,0.302,0.272,29.7
2024-05-03,34.9,24.2,0.90,5.0,0.90,20.02,73,0.355,0.273,28.2
2024-05-04,33.9,23.8,1.40,4.0,1.40,19.41,78,0.358,0.274,27.1
2024-05-05,32.5,23.7,3.70,2.0,3.70,18.26,76,0.407,0.280,27.3
2024-05-06,34.4,23.8,0.00,0.0,0.00,25.97,64,0.370,0.282,28.7
2024-05-07,33.4,24.2,0.60,5.0,0.60,23.26,67,0.342,0.283,28.3
2024-05-08,33.9,23.6,0.10,1.0,0.10,24.87,69,0.324,0.281,28.2
2024-05-09,34.2,24.7,1.80,3.0,1.80,23.29,68,0.312,0.279,28.3
2024-05-10,35.2,24.4,0.00,0.0,0.00,26.33,63,0.299,0.279,29.2
2024-05-11,36.4,24.9,0.00,0.0,0.00,25.43,60,0.286,0.278,29.9
2024-05-12,36.6,24.8,0.20,2.0,0.20,25.25,61,0.278,0.278,30.2
2024-05-13,37.7,24.6,0.10,1.0,0.10,26.47,59,0.274,0.278,30.3
2024-05-14,35.6,24.2,6.00,4.0,6.00,23.37,66,0.279,0.278,29.1
2024-05-15,36.0,25.1,4.90,9.0,4.90,23.94,71,0.284,0.278,28.6
2024-05-16,34.5,24.3,1.00,5.0,1.00,23.26,72,0.345,0.283,28.4
2024-05-17,33.4,24.2,20.30,11.0,20.30,20.21,81,0.449,0.325,27.0
2024-05-18,31.8,24.0,16.30,7.0,16.30,21.39,84,0.459,0.378,26.6
2024-05-19,29.0,24.4,3.00,7.0,3.00,10.68,86,0.473,0.407,26.1
2024-05-20,31.5,24.2,3.90,4.0,3.90,19.10,79,0.461,0.433,27.0
2024-05-21,27.3,24.3,1.70,9.0,1.70,10.21,85,0.445,0.426,25.7
2024-05-22,32.3,24.0,7.40,9.0,7.40,22.74,80,0.417,0.412,27.0
2024-05-23,30.9,23.4,15.70,12.0,15.70,19.55,85,0.450,0.413,26.1
2024-05-24,32.7,22.8,3.70,8.0,3.70,24.48,79,0.465,0.446,27.1
2024-05-25,32.7,23.9,1.20,6.0,1.20,23.94,79,0.434,0.425,27.9
2024-05-26,32.8,23.0,0.60,3.0,0.60,24.57,77,0.413,0.411,27.5
2024-05-27,33.1,23.9,1.00,8.0,1.00,24.31,76,0.406,0.399,28.1
2024-05-28,31.6,23.6,6.60,9.0,6.60,19.96,83,0.406,0.390,26.8
2024-05-29,30.6,24.6,7.80,9.0,7.80,15.78,83,0.411,0.384,26.7
2024-05-30,31.1,23.4,13.50,12.0,13.50,14.19,83,0.442,0.384,26.1
2024-05-31,31.0,23.3,0.30,3.0,0.30,18.71,79,0.453,0.399,26.5
2024-06-01,32.5,23.6,1.80,7.0,1.80,21.19,77,0.434,0.397,26.9
2024-06-02,31.6,23.3,0.40,4.0,0.40,19.76,79,0.446,0.402,26.8
2024-06-03,32.2,23.7,6.00,9.0,6.00,21.20,79,0.420,0.395,26.7
2024-06-04,33.8,23.9,0.30,1.0,0.30,24.38,73,0.393,0.385,28.0
2024-06-05,32.1,24.6,11.50,6.0,11.50,21.14,84,0.415,0.376,26.5
2024-06-06,32.0,23.3,10.30,7.0,10.30,22.47,84,0.456,0.374,26.3
2024-06-07,32.3,23.6,3.00,2.0,3.00,23.26,79,0.432,0.375,26.7
2024-06-08,31.5,23.5,4.20,3.0,4.20,19.76,79,0.431,0.375,26.3
2024-06-09,32.0,23.4,4.90,9.0,4.90,19.59,80,0.439,0.376,26.2
2024-06-10,31.6,23.4,2.80,11.0,2.80,21.49,76,0.434,0.377,26.4
2024-06-11,32.1,23.1,0.80,4.0,0.80,23.72,72,0.413,0.373,27.2
2024-06-12,32.7,23.8,0.70,3.0,0.70,24.16,71,0.388,0.366,27.7
2024-06-13,32.8,23.6,0.70,4.0,0.70,23.43,73,0.368,0.358,27.8
2024-06-14,32.4,24.7,4.00,3.0,4.00,22.10,75,0.370,0.349,27.7
2024-06-15,32.8,23.3,2.90,5.0,2.90,24.01,79,0.426,0.348,27.1
2024-06-16,31.5,22.6,1.00,4.0,1.00,20.74,79,0.436,0.352,26.0
2024-06-17,32.6,23.3,8.20,6.0,8.20,23.67,76,0.408,0.350,27.2
2024-06-18,31.6,23.6,3.30,10.0,3.30,23.26,75,0.385,0.346,27.1
2024-06-19,31.4,23.5,14.50,11.0,14.50,20.57,82,0.419,0.345,26.4
2024-06-20,29.8,22.9,23.70,19.0,23.70,13.56,91,0.487,0.393,25.0
2024-06-21,26.2,22.9,22.10,18.0,22.10,9.36,92,0.506,0.489,24.1
2024-06-22,27.9,22.5,13.70,17.0,13.70,16.40,91,0.505,0.498,24.4
2024-06-23,29.5,22.6,23.30,17.0,23.30,16.02,89,0.503,0.502,24.6
2024-06-24,29.8,22.2,19.50,19.0,19.50,19.89,86,0.503,0.498,24.9
2024-06-25,28.7,22.7,5.00,8.0,5.00,16.19,84,0.492,0.490,25.2
2024-06-26,29.1,22.5,4.80,11.0,4.80,19.72,85,0.472,0.470,25.4
2024-06-27,30.7,22.8,10.70,12.0,10.70,22.28,85,0.469,0.459,25.9
2024-06-28,30.6,23.1,17.50,6.0,17.50,22.62,88,0.490,0.481,25.7
2024-06-29,32.1,22.0,0.60,4.0,0.60,24.35,81,0.470,0.471,26.5
2024-06-30,31.2,22.7,15.70,11.0,15.70,22.87,83,0.455,0.454,25.9
2024-07-01,31.5,22.7,6.80,6.0,6.80,24.46,82,0.444,0.437,26.0
2024-07-02,31.3,22.5,11.30,5.0,11.30,23.36,82,0.458,0.428,25.9
2024-07-03,29.3,22.1,12.00,10.0,12.00,19.49,88,0.478,0.436,24.6
2024-07-04,28.6,22.2,8.30,15.0,8.30,16.64,90,0.489,0.471,24.5
2024-07-05,29.9,21.8,4.80,4.0,4.80,20.87,85,0.485,0.474,25.2
2024-07-06,30.8,22.2,1.60,2.0,1.60,19.98,80,0.462,0.458,26.0
2024-07-07,30.8,23.4,19.80,9.0,19.80,20.82,84,0.462,0.455,25.7
2024-07-08,30.4,23.0,4.40,11.0,4.40,21.74,84,0.481,0.475,25.6
2024-07-09,29.1,22.3,21.90,16.0,21.90,18.91,90,0.492,0.483,24.7
2024-07-10,29.9,22.2,8.80,9.0,8.80,22.14,85,0.496,0.499,25.2
2024-07-11,29.4,21.6,17.80,9.0,17.80,21.65,86,0.497,0.494,24.6
2024-07-12,29.3,22.4,11.70,14.0,11.70,21.77,86,0.495,0.490,24.8
2024-07-13,27.3,21.9,17.00,21.0,17.00,15.35,93,0.507,0.502,23.7
2024-07-14,26.7,21.6,45.80,24.0,45.80,11.47,96,0.511,0.513,23.0
2024-07-15,24.3,21.4,18.20,21.0,18.20,5.41,96,0.510,0.511,23.1
2024-07-16,28.5,22.4,15.80,16.0,15.80,17.91,86,0.498,0.502,24.6
2024-07-17,29.3,22.6,15.50,18.0,15.50,17.17,88,0.502,0.505,24.8
2024-07-18,28.5,22.7,33.10,12.0,33.10,17.18,88,0.503,0.512,24.6
2024-07-19,28.5,22.9,4.40,10.0,4.40,17.91,86,0.495,0.501,25.0
2024-07-20,25.6,22.5,31.30,23.0,31.30,7.40,95,0.505,0.505,23.7
2024-07-21,27.4,22.5,23.80,22.0,23.80,11.28,95,0.507,0.506,23.9
2024-07-22,27.7,22.4,34.70,17.0,34.70,18.39,91,0.500,0.498,24.4
2024-07-23,29.7,22.0,23.00,14.0,23.00,21.65,85,0.496,0.488,25.2
2024-07-24,29.4,23.3,0.70,5.0,0.70,23.17,80,0.472,0.475,26.0
2024-07-25,29.7,22.9,8.90,11.0,8.90,22.40,82,0.473,0.467,25.5
2024-07-26,28.8,23.2,4.20,14.0,4.20,15.08,84,0.488,0.476,25.0
2024-07-27,28.2,23.5,2.10,9.0,2.10,15.37,84,0.486,0.484,25.4
2024-07-28,27.4,23.1,21.40,13.0,21.40,11.16,89,0.497,0.498,24.7
2024-07-29,29.3,22.4,4.80,8.0,4.80,21.51,85,0.496,0.497,25.2
2024-07-30,30.7,22.4,12.20,9.0,12.20,21.50,85,0.489,0.492,25.2
2024-07-31,30.7,22.8,37.10,12.0,37.10,23.47,84,0.494,0.500,25.6
2024-08-01,30.6,22.7,7.90,8.0,7.90,23.95,83,0.493,0.500,25.7
2024-08-02,30.4,22.4,6.30,7.0,6.30,21.96,87,0.491,0.490,25.2
2024-08-03,30.2,21.8,19.00,7.0,19.00,24.59,85,0.487,0.491,25.3
2024-08-04,29.4,21.0,5.20,9.0,5.20,20.41,87,0.489,0.486,24.6
2024-08-05,29.1,21.7,5.70,11.0,5.70,20.58,87,0.483,0.476,24.8
2024-08-06,30.3,21.6,3.90,6.0,3.90,22.20,86,0.474,0.469,25.1
2024-08-07,29.8,22.2,4.10,3.0,4.10,22.79,85,0.454,0.459,25.5
2024-08-08,30.0,22.2,2.80,10.0,2.80,20.93,85,0.450,0.447,25.6
2024-08-09,31.1,23.0,3.60,10.0,3.60,23.74,81,0.445,0.440,26.5
2024-08-10,30.4,23.6,3.70,10.0,3.70,21.75,85,0.446,0.432,26.0
2024-08-11,31.1,23.4,6.10,12.0,6.10,22.34,85,0.468,0.435,25.9
2024-08-12,30.5,22.9,3.00,12.0,3.00,23.33,82,0.470,0.454,26.0
2024-08-13,30.9,23.0,1.80,9.0,1.80,23.44,82,0.445,0.451,26.3
2024-08-14,31.1,23.6,5.20,11.0,5.20,22.73,84,0.433,0.440,26.5
2024-08-15,31.8,23.0,3.90,7.0,3.90,23.32,83,0.413,0.430,26.4
2024-08-16,31.1,22.8,5.00,6.0,5.00,22.01,84,0.411,0.419,26.0
2024-08-17,31.3,21.9,1.10,6.0,1.10,23.35,82,0.388,0.412,26.1
2024-08-18,31.0,22.6,0.00,0.0,0.00,24.36,77,0.375,0.404,26.9
2024-08-19,31.7,23.3,2.60,3.0,2.60,23.47,78,0.367,0.395,26.7
2024-08-20,31.5,22.7,0.40,1.0,0.40,23.25,79,0.351,0.388,26.3
2024-08-21,31.7,23.0,0.00,0.0,0.00,23.52,78,0.344,0.381,26.9
2024-08-22,31.8,22.6,1.90,5.0,1.90,24.61,80,0.356,0.375,26.5
2024-08-23,30.5,22.2,4.60,8.0,4.60,23.92,83,0.383,0.370,25.6
2024-08-24,30.9,21.1,8.60,4.0,8.60,23.49,83,0.436,0.376,25.6
2024-08-25,30.8,21.8,14.60,10.0,14.60,23.78,84,0.432,0.379,25.3
2024-08-26,29.1,22.3,8.40,14.0,8.40,18.17,86,0.451,0.388,24.9
2024-08-27,29.2,22.0,5.40,7.0,5.40,19.04,87,0.467,0.407,24.8
2024-08-28,29.2,22.6,8.10,6.0,8.10,19.77,83,0.449,0.413,25.2
2024-08-29,28.8,21.8,23.30,19.0,23.30,18.75,91,0.468,0.430,24.2
2024-08-30,26.8,21.9,20.70,17.0,20.70,16.88,92,0.503,0.501,23.8
2024-08-31,26.8,21.5,19.00,19.0,19.00,15.83,92,0.505,0.505,23.7
2024-09-01,29.6,21.4,30.10,10.0,30.10,17.40,89,0.497,0.502,24.4
2024-09-02,30.0,22.3,1.40,7.0,1.40,21.43,84,0.485,0.487,25.1
2024-09-03,29.1,22.8,7.90,7.0,7.90,18.51,85,0.494,0.486,25.2
2024-09-04,29.1,22.4,32.50,14.0,32.50,18.77,89,0.496,0.497,24.6
2024-09-05,27.2,22.0,31.70,24.0,31.70,12.68,94,0.507,0.514,23.6
2024-09-06,27.0,22.2,28.60,19.0,28.60,14.25,92,0.508,0.513,24.0
2024-09-07,31.0,23.3,2.00,9.0,2.00,22.53,80,0.490,0.499,26.3
2024-09-08,30.1,23.4,4.50,15.0,4.50,22.04,85,0.483,0.487,25.8
2024-09-09,29.4,22.9,14.00,13.0,14.00,18.69,88,0.494,0.492,25.2
2024-09-10,28.2,22.6,9.00,13.0,9.00,16.75,89,0.497,0.502,24.8
2024-09-11,29.0,21.9,4.90,6.0,4.90,17.92,87,0.495,0.502,25.0
2024-09-12,30.1,21.7,4.80,5.0,4.80,22.51,86,0.496,0.496,25.2
2024-09-13,27.5,22.5,18.60,17.0,18.60,14.13,90,0.502,0.509,24.4
2024-09-14,27.3,21.4,22.20,17.0,22.20,13.35,93,0.507,0.511,23.7
2024-09-15,25.6,22.3,14.00,21.0,14.00,11.38,95,0.507,0.512,23.4
2024-09-16,26.8,21.6,22.10,18.0,22.10,10.51,94,0.505,0.513,23.7
2024-09-17,27.7,22.2,32.70,17.0,32.70,13.33,92,0.505,0.508,24.3
2024-09-18,26.5,22.0,10.30,17.0,10.30,10.28,94,0.504,0.502,23.6
2024-09-19,29.3,22.7,9.30,15.0,9.30,18.94,87,0.502,0.504,24.8
2024-09-20,29.7,22.8,22.30,17.0,22.30,15.36,89,0.499,0.500,25.0
2024-09-21,27.0,22.3,31.50,19.0,31.50,12.06,93,0.506,0.504,24.2
2024-09-22,26.1,22.2,15.60,23.0,15.60,8.50,92,0.504,0.499,24.0
2024-09-23,28.4,22.6,26.20,11.0,26.20,16.42,88,0.500,0.502,24.6
2024-09-24,27.9,22.7,1.40,6.0,1.40,14.17,87,0.494,0.502,24.7
2024-09-25,30.8,22.0,2.50,5.0,2.50,22.09,86,0.485,0.490,25.2
2024-09-26,30.3,21.8,1.60,2.0,1.60,23.29,81,0.466,0.474,25.3
2024-09-27,30.0,21.9,8.10,7.0,8.10,21.05,84,0.475,0.457,25.4
2024-09-28,30.2,21.9,1.00,6.0,1.00,21.81,83,0.462,0.454,25.9
2024-09-29,28.7,23.1,1.60,8.0,1.60,17.16,87,0.445,0.449,25.3
2024-09-30,30.0,22.9,9.00,5.0,9.00,20.74,88,0.448,0.436,25.1
2024-10-01,30.4,22.2,0.50,4.0,0.50,21.58,85,0.414,0.426,25.4
2024-10-02,30.1,22.5,8.30,8.0,8.30,19.95,85,0.411,0.417,25.3
2024-10-03,29.7,23.0,1.30,3.0,1.30,21.16,81,0.400,0.410,25.4
2024-10-04,29.2,22.3,1.00,5.0,1.00,17.54,80,0.389,0.401,24.7
2024-10-05,29.3,21.1,0.60,4.0,0.60,17.94,80,0.410,0.396,24.5
2024-10-06,27.8,22.1,8.80,13.0,8.80,14.10,85,0.451,0.402,24.3
2024-10-07,28.5,21.7,17.00,8.0,17.00,16.95,86,0.484,0.455,24.4
2024-10-08,28.5,22.5,9.20,8.0,9.20,15.04,87,0.487,0.474,24.4
2024-10-09,29.4,22.4,1.80,5.0,1.80,19.04,81,0.478,0.477,25.1
2024-10-10,29.6,22.7,1.20,4.0,1.20,20.25,78,0.454,0.461,25.5
2024-10-11,29.7,22.0,1.90,4.0,1.90,19.93,83,0.446,0.450,25.0
2024-10-12,27.8,23.1,4.20,9.0,4.20,17.06,84,0.476,0.453,25.0
2024-10-13,29.2,23.1,7.40,8.0,7.40,18.92,84,0.478,0.454,25.3
2024-10-14,30.8,22.4,0.80,4.0,0.80,22.68,79,0.460,0.457,26.0
2024-10-15,30.2,22.8,15.30,12.0,15.30,20.06,86,0.468,0.452,25.0
2024-10-16,29.1,21.9,12.80,8.0,12.80,16.51,86,0.485,0.471,24.6
2024-10-17,28.4,22.6,8.60,9.0,8.60,13.53,87,0.483,0.468,24.4
2024-10-18,27.2,21.8,10.20,12.0,10.20,15.88,89,0.492,0.481,24.0
2024-10-19,29.6,21.6,5.40,4.0,5.40,19.77,84,0.494,0.497,24.8
2024-10-20,29.3,21.5,11.20,9.0,11.20,18.46,88,0.490,0.490,24.3
2024-10-21,28.4,21.8,21.60,16.0,21.60,15.58,91,0.495,0.496,23.8
2024-10-22,28.8,22.1,15.10,10.0,15.10,15.09,86,0.494,0.498,24.2
2024-10-23,29.1,21.7,1.10,9.0,1.10,19.67,80,0.473,0.476,24.7
2024-10-24,28.8,21.1,0.00,0.0,0.00,19.44,79,0.453,0.463,24.7
2024-10-25,29.6,21.9,0.20,2.0,0.20,20.94,76,0.437,0.453,25.2
2024-10-26,26.1,20.2,0.00,0.0,0.00,13.05,69,0.421,0.444,22.8
2024-10-27,22.7,18.9,8.10,20.0,8.10,6.80,89,0.463,0.448,20.5
2024-10-28,26.0,20.8,7.80,17.0,7.80,11.56,89,0.504,0.498,22.6
2024-10-29,26.2,21.0,4.00,15.0,4.00,13.11,88,0.496,0.493,22.9
2024-10-30,28.3,20.5,0.80,7.0,0.80,20.53,82,0.477,0.481,24.1
2024-10-31,29.1,21.1,1.00,6.0,1.00,18.33,82,0.462,0.468,24.6
2024-11-01,27.7,21.4,31.60,17.0,31.60,13.72,90,0.489,0.483,23.6
2024-11-02,26.6,21.1,0.80,2.0,0.80,14.84,79,0.485,0.496,23.3
2024-11-03,28.8,21.3,10.30,8.0,10.30,15.12,86,0.486,0.487,23.8
2024-11-04,28.6,22.2,7.20,5.0,7.20,17.67,82,0.490,0.487,24.6
2024-11-05,28.9,22.2,1.30,2.0,1.30,18.32,83,0.480,0.482,24.6
2024-11-06,27.4,22.4,1.60,9.0,1.60,15.25,83,0.473,0.471,24.0
2024-11-07,26.6,21.9,0.20,2.0,0.20,12.90,83,0.469,0.468,23.5
2024-11-08,24.7,20.6,0.00,0.0,0.00,11.62,81,0.452,0.460,22.6
2024-11-09,27.9,20.0,0.00,0.0,0.00,20.71,76,0.434,0.450,23.1
2024-11-10,28.3,21.2,0.00,0.0,0.00,21.68,73,0.413,0.437,24.2
2024-11-11,29.9,21.0,0.00,0.0,0.00,20.24,76,0.395,0.425,24.9
2024-11-12,28.0,21.1,15.40,11.0,15.40,13.43,88,0.396,0.401,23.7
2024-11-13,30.4,21.7,6.30,10.0,6.30,19.05,81,0.238,0.301,25.1
2024-11-14,31.3,21.9,0.00,0.0,0.00,20.57,75,0.215,0.298,25.9
2024-11-15,31.5,21.0,0.00,0.0,0.00,22.05,66,0.202,0.293,25.9
2024-11-16,31.7,20.7,0.00,0.0,0.00,21.83,67,0.191,0.292,25.6
2024-11-17,30.2,21.1,0.00,0.0,0.00,21.09,70,0.185,0.288,24.8
2024-11-18,29.9,21.0,0.20,2.0,0.20,18.03,74,0.185,0.286,24.8
2024-11-19,29.8,22.9,0.60,3.0,0.60,18.30,77,0.188,0.285,25.3
2024-11-20,29.9,22.3,0.00,0.0,0.00,15.84,74,0.189,0.287,25.2
2024-11-21,30.0,22.1,0.60,4.0,0.60,16.39,75,0.191,0.286,25.1
2024-11-22,29.2,22.8,0.70,4.0,0.70,17.09,78,0.202,0.285,24.9
2024-11-23,29.7,22.1,0.30,1.0,0.30,16.15,79,0.202,0.286,24.7
2024-11-24,30.0,22.5,0.40,4.0,0.40,17.20,79,0.198,0.285,25.1
2024-11-25,30.1,22.1,0.00,0.0,0.00,18.23,74,0.196,0.285,25.4
2024-11-26,29.9,22.5,0.00,0.0,0.00,18.35,75,0.193,0.286,25.2
2024-11-27,29.1,22.9,0.00,0.0,0.00,18.52,75,0.194,0.291,24.9
2024-11-28,27.6,20.8,0.00,0.0,0.00,17.06,69,0.192,0.294,23.8
2024-11-29,26.0,19.3,0.00,0.0,0.00,14.73,70,0.191,0.297,21.9
2024-11-30,25.6,18.6,0.00,0.0,0.00,11.89,75,0.188,0.293,21.6
2024-12-01,27.1,19.1,0.00,0.0,0.00,15.05,75,0.190,0.296,23.0
2024-12-02,28.9,20.4,0.00,0.0,0.00,15.06,76,0.185,0.291,23.9
2024-12-03,28.4,21.5,0.00,0.0,0.00,12.46,76,0.184,0.289,24.0
2024-12-04,27.5,20.9,0.10,1.0,0.10,7.57,78,0.192,0.296,23.8
2024-12-05,28.0,21.5,0.00,0.0,0.00,13.17,77,0.205,0.302,24.1
2024-12-06,28.7,22.0,0.50,5.0,0.50,14.68,79,0.204,0.306,24.6
2024-12-07,29.0,21.8,0.80,6.0,0.80,16.11,78,0.211,0.310,24.5
2024-12-08,27.5,21.5,0.00,0.0,0.00,13.82,75,0.204,0.315,23.8
2024-12-09,27.7,21.4,0.00,0.0,0.00,12.50,75,0.199,0.318,23.8
2024-12-10,25.3,20.9,3.80,11.0,3.80,5.87,85,0.213,0.320,22.6
2024-12-11,24.4,21.0,12.20,20.0,12.20,4.92,93,0.393,0.322,22.5
2024-12-12,25.3,22.6,1.20,9.0,1.20,7.00,87,0.434,0.335,23.6
2024-12-13,26.4,22.2,8.60,19.0,8.60,10.63,87,0.458,0.350,23.7
2024-12-14,25.9,22.3,1.20,7.0,1.20,12.59,83,0.427,0.361,23.6
2024-12-15,23.7,20.9,10.60,13.0,10.60,6.14,85,0.466,0.384,22.1
2024-12-16,22.7,19.2,2.30,4.0,2.30,6.98,83,0.444,0.408,20.9
2024-12-17,25.2,19.2,0.00,0.0,0.00,11.81,81,0.406,0.403,21.3
2024-12-18,25.9,19.4,0.90,4.0,0.90,12.55,80,0.382,0.398,21.9
2024-12-19,25.7,19.3,0.00,0.0,0.00,14.43,78,0.361,0.393,21.6
2024-12-20,24.2,17.9,0.00,0.0,0.00,14.80,77,0.336,0.387,20.5
2024-12-21,24.8,17.4,0.00,0.0,0.00,16.41,77,0.313,0.380,20.2
2024-12-22,23.1,16.6,0.00,0.0,0.00,12.07,78,0.295,0.374,19.6
2024-12-23,24.7,18.1,0.60,5.0,0.60,6.71,81,0.287,0.369,21.4
2024-12-24,24.8,19.8,0.10,1.0,0.10,7.34,79,0.281,0.360,21.6
2024-12-25,24.1,19.8,3.50,13.0,3.50,4.74,86,0.296,0.356,21.7
2024-12-26,26.8,20.5,0.80,4.0,0.80,10.67,85,0.357,0.353,22.8
2024-12-27,27.5,22.0,2.00,5.0,2.00,14.99,81,0.348,0.351,23.9
2024-12-28,26.7,20.4,0.70,6.0,0.70,17.06,81,0.329,0.348,23.2
2024-12-29,24.9,18.9,0.00,0.0,0.00,13.40,77,0.312,0.346,21.3
2024-12-30,25.4,18.4,0.00,0.0,0.00,13.26,79,0.293,0.343,21.3
2024-12-31,24.4,18.4,0.90,5.0,0.90,8.21,81,0.280,0.340,21.0
2025-01-01,25.7,18.4,0.00,0.0,0.00,12.21,76,0.272,0.339,21.1
2025-01-02,26.6,18.7,0.00,0.0,0.00,12.17,77,0.258,0.336,22.0
2025-01-03,25.9,19.2,0.00,0.0,0.00,11.13,77,0.248,0.334,21.9
2025-01-04,25.0,17.4,0.00,0.0,0.00,18.58,72,0.236,0.333,20.7
2025-01-05,25.8,16.6,0.00,0.0,0.00,17.99,71,0.221,0.330,20.5
2025-01-06,25.4,17.7,0.00,0.0,0.00,20.57,74,0.207,0.325,20.8
2025-01-07,26.7,17.7,0.00,0.0,0.00,20.17,75,0.196,0.319,21.4
2025-01-08,26.3,17.7,0.00,0.0,0.00,20.98,71,0.188,0.312,21.4
2025-01-09,27.1,18.7,0.00,0.0,0.00,18.86,74,0.185,0.306,21.9
2025-01-10,24.9,18.5,0.00,0.0,0.00,15.91,70,0.186,0.306,21.0
2025-01-11,24.0,17.7,0.00,0.0,0.00,13.20,71,0.191,0.312,20.2
2025-01-12,23.6,15.7,0.00,0.0,0.00,20.13,67,0.192,0.315,18.7
2025-01-13,24.5,15.1,0.00,0.0,0.00,19.74,72,0.190,0.314,19.0
2025-01-14,25.9,17.3,0.70,3.0,0.70,11.55,78,0.197,0.312,21.4
2025-01-15,27.0,20.4,0.00,0.0,0.00,12.91,80,0.248,0.319,22.9
2025-01-16,25.6,18.4,0.00,0.0,0.00,13.45,74,0.237,0.321,21.8
2025-01-17,24.4,17.6,0.00,0.0,0.00,17.08,73,0.226,0.323,20.1
2025-01-18,24.8,16.7,0.00,0.0,0.00,19.27,73,0.215,0.326,19.9
2025-01-19,25.8,16.1,0.00,0.0,0.00,22.35,71,0.203,0.324,20.1
2025-01-20,26.2,15.9,0.00,0.0,0.00,22.71,69,0.189,0.315,20.0
2025-01-21,26.4,15.4,0.00,0.0,0.00,22.18,66,0.183,0.311,19.9
2025-01-22,27.5,16.1,0.00,0.0,0.00,22.25,64,0.187,0.311,20.9
2025-01-23,29.5,17.7,0.00,0.0,0.00,21.82,59,0.186,0.310,22.7
2025-01-24,31.1,18.1,0.00,0.0,0.00,22.36,66,0.192,0.311,23.8
2025-01-25,31.3,18.3,0.00,0.0,0.00,22.45,68,0.188,0.308,23.9
2025-01-26,27.8,18.8,0.00,0.0,0.00,22.20,68,0.176,0.305,22.3
2025-01-27,24.6,17.2,0.00,0.0,0.00,17.25,72,0.170,0.304,20.4
2025-01-28,25.4,16.6,0.00,0.0,0.00,22.16,69,0.160,0.301,19.8
2025-01-29,26.4,16.5,0.00,0.0,0.00,21.31,69,0.159,0.299,20.2
2025-01-30,26.2,16.4,0.00,0.0,0.00,19.65,71,0.163,0.298,20.6
2025-01-31,29.4,17.0,0.00,0.0,0.00,22.31,65,0.160,0.297,22.4
2025-02-01,31.0,17.6,0.00,0.0,0.00,22.80,53,0.165,0.295,23.8
2025-02-02,31.7,17.7,0.00,0.0,0.00,23.24,44,0.165,0.293,24.4
2025-02-03,29.5,17.7,0.00,0.0,0.00,22.98,62,0.165,0.291,23.1
2025-02-04,26.7,18.6,0.00,0.0,0.00,17.48,72,0.166,0.290,21.7
2025-02-05,27.1,17.6,0.00,0.0,0.00,23.02,70,0.167,0.289,21.3
2025-02-06,28.0,16.9,0.00,0.0,0.00,23.63,67,0.170,0.289,21.4
2025-02-07,27.9,16.4,0.00,0.0,0.00,21.05,68,0.165,0.287,21.6
2025-02-08,27.1,18.2,0.00,0.0,0.00,18.19,69,0.163,0.287,21.8
2025-02-09,25.0,17.8,0.00,0.0,0.00,12.34,69,0.167,0.286,20.5
2025-02-10,26.4,17.6,0.00,0.0,0.00,18.95,69,0.171,0.286,21.1
2025-02-11,27.2,18.6,0.00,0.0,0.00,12.42,72,0.169,0.287,22.3
2025-02-12,30.0,19.7,1.30,5.0,1.30,19.07,73,0.183,0.293,24.3
2025-02-13,31.6,20.6,0.10,1.0,0.10,21.35,69,0.180,0.289,25.3
2025-02-14,31.3,20.0,0.90,4.0,0.90,21.00,71,0.184,0.293,24.6
2025-02-15,30.8,21.0,0.00,0.0,0.00,20.60,72,0.188,0.297,25.0
2025-02-16,30.8,20.9,0.00,0.0,0.00,23.09,69,0.173,0.296,24.8
2025-02-17,29.1,19.9,0.00,0.0,0.00,18.66,71,0.164,0.294,23.6
2025-02-18,29.3,19.6,0.00,0.0,0.00,19.58,72,0.159,0.294,23.6
2025-02-19,28.0,20.5,0.00,0.0,0.00,15.12,75,0.153,0.298,23.3
2025-02-20,29.4,20.0,0.00,0.0,0.00,18.44,72,0.144,0.296,23.5
2025-02-21,29.8,21.1,0.00,0.0,0.00,18.12,73,0.146,0.294,24.1
2025-02-22,28.1,21.2,0.20,2.0,0.20,14.32,75,0.157,0.298,23.8
2025-02-23,26.4,22.0,1.10,5.0,1.10,10.46,77,0.165,0.298,23.5
2025-02-24,27.0,21.3,3.10,14.0,3.10,17.86,78,0.197,0.293,23.3
2025-02-25,28.4,21.1,0.00,0.0,0.00,16.92,74,0.198,0.293,23.6
2025-02-26,28.5,20.7,0.00,0.0,0.00,16.98,74,0.192,0.295,23.4
2025-02-27,29.7,20.2,0.00,0.0,0.00,23.44,72,0.188,0.296,24.1
2025-02-28,32.3,19.3,0.00,0.0,0.00,24.21,69,0.187,0.296,24.7
2025-03-01,33.5,19.2,0.00,0.0,0.00,24.91,66,0.183,0.294,25.6
2025-03-02,33.4,19.2,0.00,0.0,0.00,24.26,66,0.177,0.291,25.8
2025-03-03,34.2,20.6,0.00,0.0,0.00,24.26,63,0.184,0.294,27.1
2025-03-04,33.5,22.4,0.10,1.0,0.10,22.17,64,0.190,0.296,27.6
2025-03-05,34.0,23.0,0.00,0.0,0.00,20.69,65,0.187,0.292,28.1
2025-03-06,33.3,23.3,0.20,2.0,0.20,23.99,63,0.185,0.293,27.4
2025-03-07,30.1,22.5,0.00,0.0,0.00,17.61,71,0.182,0.291,25.3
2025-03-08,29.0,20.9,0.00,0.0,0.00,17.12,69,0.179,0.289,24.0
2025-03-09,25.6,20.5,2.30,7.0,2.30,5.11,80,0.184,0.289,22.6
2025-03-10,28.1,21.2,0.70,5.0,0.70,13.31,81,0.241,0.292,23.9
2025-03-11,29.9,22.1,0.00,0.0,0.00,13.99,76,0.227,0.300,25.0
2025-03-12,33.0,21.8,0.30,2.0,0.30,23.86,69,0.208,0.300,26.4
2025-03-13,32.8,21.9,0.00,0.0,0.00,23.77,67,0.191,0.300,26.7
2025-03-14,34.2,21.4,0.00,0.0,0.00,25.38,65,0.188,0.306,27.1
2025-03-15,35.0,21.5,0.00,0.0,0.00,24.21,61,0.180,0.301,28.0
2025-03-16,32.6,22.0,0.60,1.0,0.60,23.27,68,0.181,0.304,26.3
2025-03-17,29.2,21.4,0.00,0.0,0.00,17.78,73,0.170,0.307,24.4
2025-03-18,29.4,20.4,0.10,1.0,0.10,20.98,71,0.158,0.303,23.9
2025-03-19,27.6,19.2,0.00,0.0,0.00,18.30,69,0.158,0.296,22.6
2025-03-20,27.7,18.2,0.00,0.0,0.00,18.53,67,0.162,0.299,22.0
2025-03-21,28.2,18.1,0.00,0.0,0.00,20.47,66,0.163,0.298,22.3
2025-03-22,28.0,18.2,0.00,0.0,0.00,23.08,69,0.163,0.296,22.5
2025-03-23,29.1,19.1,0.00,0.0,0.00,25.69,71,0.164,0.294,23.3
2025-03-24,32.3,18.6,0.00,0.0,0.00,26.03,62,0.166,0.293,24.2
2025-03-25,32.7,18.5,0.00,0.0,0.00,24.30,55,0.165,0.290,25.0
2025-03-26,34.8,20.3,0.00,0.0,0.00,25.80,58,0.165,0.289,27.0
2025-03-27,34.8,22.8,0.40,1.0,0.40,22.64,60,0.165,0.287,28.4
2025-03-28,34.5,23.9,0.60,4.0,0.60,20.98,63,0.167,0.286,28.0
2025-03-29,34.1,22.7,0.00,0.0,0.00,24.97,64,0.164,0.283,27.7
2025-03-30,32.4,22.8,0.70,4.0,0.70,21.80,71,0.170,0.270,26.3
2025-03-31,29.3,22.3,0.00,0.0,0.00,15.84,70,0.174,0.269,25.3
2025-04-01,28.5,21.4,0.20,2.0,0.20,11.03,72,0.173,0.269,24.0
2025-04-02,26.5,19.2,26.10,7.0,26.10,12.84,80,0.362,0.272,22.2
2025-04-03,29.1,20.9,0.00,0.0,0.00,21.96,73,0.381,0.282,24.0
2025-04-04,32.1,19.5,0.00,0.0,0.00,25.81,70,0.328,0.284,25.0
2025-04-05,34.5,20.6,0.10,1.0,0.10,24.40,68,0.284,0.284,26.9
2025-04-06,33.0,20.9,0.00,0.0,0.00,25.41,69,0.249,0.283,26.2
2025-04-07,32.6,21.5,0.00,0.0,0.00,25.66,68,0.225,0.287,26.0
2025-04-08,32.8,22.1,2.40,4.0,2.40,23.98,67,0.208,0.285,26.7
2025-04-09,34.0,21.6,2.70,2.0,2.70,23.51,69,0.203,0.285,27.0
2025-04-10,32.3,23.0,1.10,6.0,1.10,19.57,74,0.201,0.285,26.7
2025-04-11,33.9,22.7,0.50,4.0,0.50,23.89,74,0.222,0.288,27.4
2025-04-12,34.7,23.3,0.20,2.0,0.20,22.42,67,0.192,0.280,28.4
2025-04-13,32.5,24.0,2.50,3.0,2.50,23.34,68,0.195,0.285,27.6
2025-04-14,34.3,22.2,0.00,0.0,0.00,25.53,65,0.191,0.291,26.9
2025-04-15,33.8,21.6,0.00,0.0,0.00,23.63,63,0.181,0.279,26.9
2025-04-16,35.8,22.1,0.00,0.0,0.00,25.20,62,0.178,0.278,28.0
2025-04-17,35.2,23.3,0.70,4.0,0.70,21.51,69,0.171,0.278,28.1
2025-04-18,35.3,23.0,0.30,2.0,0.30,23.57,63,0.169,0.278,29.1
2025-04-19,35.5,24.2,0.60,5.0,0.60,23.01,62,0.164,0.277,29.3
2025-04-20,37.4,23.6,0.10,1.0,0.10,25.04,57,0.165,0.277,29.6
2025-04-21,37.4,23.3,0.00,0.0,0.00,25.98,55,0.170,0.277,29.4
2025-04-22,36.4,23.4,0.20,1.0,0.20,24.44,55,0.170,0.277,29.5
2025-04-23,35.4,24.2,0.80,4.0,0.80,22.38,65,0.194,0.277,28.2
2025-04-24,34.7,23.0,0.70,4.0,0.70,22.14,72,0.203,0.277,27.4
2025-04-25,34.5,23.5,1.20,5.0,1.20,21.68,69,0.191,0.277,27.9
2025-04-26,35.7,23.4,1.40,6.0,1.40,24.21,66,0.193,0.277,28.2
2025-04-27,35.3,22.0,0.10,1.0,0.10,24.14,64,0.212,0.277,28.2
2025-04-28,36.0,22.7,0.00,0.0,0.00,27.17,52,0.195,0.277,28.8
2025-04-29,35.3,22.3,0.00,0.0,0.00,27.12,56,0.174,0.276,27.9
2025-04-30,35.0,21.1,0.00,0.0,0.00,26.72,59,0.175,0.276,27.8
2025-05-01,33.9,23.7,1.80,4.0,1.80,23.30,67,0.183,0.277,27.8
2025-05-02,34.2,23.5,1.90,6.0,1.90,22.83,68,0.193,0.277,27.7
2025-05-03,34.3,23.1,20.40,9.0,20.40,18.86,74,0.259,0.277,26.8
2025-05-04,33.8,22.3,21.50,11.0,21.50,20.21,84,0.381,0.288,26.0
2025-05-05,32.3,22.9,2.20,6.0,2.20,24.11,80,0.421,0.324,26.8
2025-05-06,33.5,23.3,13.20,9.0,13.20,24.19,78,0.384,0.318,27.1
2025-05-07,31.4,23.2,15.50,9.0,15.50,20.03,85,0.461,0.344,26.1
2025-05-08,32.4,23.5,2.70,4.0,2.70,23.52,79,0.427,0.382,27.3
2025-05-09,33.6,23.9,5.70,8.0,5.70,24.13,77,0.371,0.377,27.2
2025-05-10,32.9,22.9,3.50,8.0,3.50,21.94,80,0.354,0.364,26.5
2025-05-11,31.8,22.9,10.00,5.0,10.00,22.47,82,0.423,0.374,26.0
2025-05-12,31.8,23.4,5.20,7.0,5.20,18.96,83,0.400,0.373,25.6
2025-05-13,32.2,22.7,12.20,9.0,12.20,20.96,83,0.402,0.359,25.9
2025-05-14,32.9,23.2,21.50,15.0,21.50,21.52,86,0.416,0.357,26.0
2025-05-15,31.4,22.3,3.60,7.0,3.60,20.97,86,0.437,0.357,25.8
2025-05-16,31.6,22.5,6.80,6.0,6.80,21.25,81,0.445,0.375,26.3
2025-05-17,32.2,22.9,1.60,3.0,1.60,23.22,76,0.384,0.368,27.0
2025-05-18,33.1,23.3,0.80,1.0,0.80,22.94,73,0.329,0.357,27.3
2025-05-19,33.1,23.1,11.00,12.0,11.00,21.70,81,0.343,0.350,26.4
2025-05-20,31.3,22.6,6.90,6.0,6.90,22.45,85,0.439,0.354,25.6
2025-05-21,30.7,23.2,20.80,9.0,20.80,19.04,86,0.438,0.362,25.7
2025-05-22,31.3,22.8,12.10,15.0,12.10,19.44,87,0.473,0.371,25.2
2025-05-23,29.9,22.2,11.80,13.0,11.80,18.87,89,0.474,0.399,25.1
2025-05-24,29.6,22.4,7.30,15.0,7.30,19.06,88,0.469,0.418,25.4
2025-05-25,30.5,22.2,15.60,9.0,15.60,21.02,85,0.467,0.420,25.5
2025-05-26,32.2,22.3,11.00,10.0,11.00,23.63,82,0.450,0.407,26.1
2025-05-27,31.4,23.2,14.50,9.0,14.50,22.80,82,0.435,0.393,26.4
2025-05-28,30.0,22.2,4.90,10.0,4.90,18.18,87,0.430,0.386,25.3
2025-05-29,28.5,23.6,4.10,13.0,4.10,17.53,89,0.421,0.380,25.1
2025-05-30,28.9,22.7,0.60,5.0,0.60,20.77,81,0.439,0.387,25.6
2025-05-31,29.4,22.6,7.30,12.0,7.30,19.57,83,0.420,0.386,25.2
2025-06-01,29.8,22.9,1.40,7.0,1.40,21.28,79,0.443,0.403,25.8
2025-06-02,30.0,23.4,1.70,8.0,1.70,21.54,79,0.403,0.395,26.2
2025-06-03,30.1,22.8,8.50,11.0,8.50,20.31,86,0.419,0.389,25.2
2025-06-04,29.8,23.1,1.40,6.0,1.40,22.37,83,0.437,0.385,25.9
2025-06-05,29.4,22.8,2.60,7.0,2.60,20.84,85,0.432,0.386,25.7
2025-06-06,29.3,22.6,11.60,15.0,11.60,18.99,89,0.453,0.385,25.2
2025-06-07,30.8,22.7,8.70,12.0,8.70,21.93,87,0.451,0.392,25.5
2025-06-08,29.5,22.5,12.40,10.0,12.40,18.15,88,0.452,0.395,24.8
2025-06-09,29.2,22.3,1.20,9.0,1.20,19.38,84,0.402,0.383,25.4
2025-06-10,26.9,22.7,10.70,18.0,10.70,13.88,91,0.453,0.382,24.2
2025-06-11,24.5,22.4,31.90,24.0,31.90,5.60,96,0.512,0.460,23.0
2025-06-12,26.0,21.1,9.80,17.0,9.80,7.76,89,0.507,0.502,23.5
2025-06-13,28.8,23.9,2.90,10.0,2.90,18.52,80,0.484,0.483,25.8
2025-06-14,29.7,23.0,1.40,7.0,1.40,21.80,81,0.450,0.465,26.0
2025-06-15,29.8,23.2,0.40,4.0,0.40,23.22,81,0.413,0.447,26.4
2025-06-16,29.9,23.6,4.20,11.0,4.20,22.51,84,0.379,0.421,26.1
2025-06-17,30.5,21.6,11.30,12.0,11.30,25.08,85,0.433,0.405,25.8
2025-06-18,30.2,22.1,6.50,10.0,6.50,20.79,88,0.421,0.405,25.1
2025-06-19,29.4,22.2,1.00,5.0,1.00,23.30,81,0.358,0.390,25.9
2025-06-20,29.6,22.7,2.40,6.0,2.40,20.43,85,0.328,0.378,25.4
2025-06-21,28.8,22.7,14.40,16.0,14.40,21.35,89,0.376,0.367,25.0
2025-06-22,29.1,21.8,17.70,11.0,17.70,16.28,90,0.430,0.364,24.3
2025-06-23,29.0,22.0,3.30,12.0,3.30,21.87,83,0.381,0.353,25.0
2025-06-24,29.4,22.3,13.00,11.0,13.00,22.70,85,0.408,0.348,25.1
2025-06-25,29.1,22.4,2.50,12.0,2.50,19.98,86,0.402,0.343,24.9
2025-06-26,28.0,21.8,22.20,14.0,22.20,20.53,88,0.428,0.347,24.3
2025-06-27,29.1,22.3,17.60,15.0,17.60,23.23,85,0.471,0.393,24.8
2025-06-28,28.7,22.1,6.20,10.0,6.20,20.89,86,0.457,0.423,24.6
2025-06-29,28.7,22.3,1.30,8.0,1.30,23.79,82,0.421,0.412,25.0
2025-06-30,28.7,22.6,15.60,18.0,15.60,21.58,87,0.429,0.403,24.6
2025-07-01,29.0,22.5,6.10,10.0,6.10,20.28,86,0.454,0.407,24.8
2025-07-02,27.1,22.5,7.10,13.0,7.10,16.53,91,0.463,0.418,24.1
2025-07-03,27.9,22.1,3.90,12.0,3.90,20.05,85,0.462,0.432,24.4
2025-07-04,28.4,21.8,2.90,12.0,2.90,20.99,84,0.419,0.421,24.6
2025-07-05,28.7,22.5,5.60,17.0,5.60,20.73,87,0.410,0.404,24.9
2025-07-06,29.1,22.3,7.80,15.0,7.80,20.43,85,0.465,0.411,25.3
2025-07-07,29.2,22.9,14.40,15.0,14.40,22.30,84,0.453,0.425,25.4
2025-07-08,29.2,22.8,1.50,8.0,1.50,20.01,83,0.417,0.405,25.6
2025-07-09,28.7,22.9,21.30,15.0,21.30,21.33,88,0.434,0.400,24.8
2025-07-10,28.8,22.1,5.60,7.0,5.60,20.97,85,0.426,0.389,25.1
2025-07-11,30.0,22.6,3.10,8.0,3.10,23.08,82,0.406,0.379,25.4
2025-07-12,30.7,23.0,0.80,7.0,0.80,24.35,79,0.402,0.374,26.3
2025-07-13,29.3,23.0,5.40,11.0,5.40,20.31,87,0.373,0.362,25.4
2025-07-14,29.7,22.7,12.80,11.0,12.80,22.05,87,0.406,0.341,25.2
2025-07-15,29.1,22.6,1.80,8.0,1.80,18.32,87,0.428,0.341,25.1
2025-07-16,29.0,22.7,7.70,8.0,7.70,19.09,87,0.426,0.338,25.0
2025-07-17,29.3,22.0,10.10,12.0,10.10,21.31,86,0.431,0.339,24.5
2025-07-18,28.1,21.7,23.20,16.0,23.20,18.42,88,0.448,0.340,24.1
2025-07-19,29.1,22.1,4.00,10.0,4.00,23.04,83,0.455,0.380,24.8
2025-07-20,27.8,23.2,13.50,9.0,13.50,15.19,82,0.451,0.379,25.0
2025-07-21,28.5,23.1,8.00,12.0,8.00,19.38,80,0.457,0.382,25.6
2025-07-22,28.9,24.1,1.50,5.0,1.50,21.33,76,0.417,0.383,26.0
2025-07-23,29.9,23.1,6.60,11.0,6.60,21.88,80,0.382,0.375,25.9
2025-07-24,28.3,22.7,13.60,16.0,13.60,16.50,89,0.462,0.367,24.6
2025-07-25,28.5,23.2,4.70,7.0,4.70,16.68,83,0.453,0.397,25.3
2025-07-26,29.2,22.4,4.10,10.0,4.10,16.35,85,0.459,0.398,25.1
2025-07-27,29.2,22.7,4.60,14.0,4.60,21.39,82,0.443,0.400,25.3
2025-07-28,29.9,23.2,2.60,8.0,2.60,24.02,80,0.412,0.398,26.1
2025-07-29,30.1,23.8,4.60,10.0,4.60,20.19,79,0.379,0.386,26.4
2025-07-30,30.7,23.1,4.30,10.0,4.30,23.48,78,0.382,0.371,26.5
2025-07-31,31.7,24.0,2.10,6.0,2.10,23.49,75,0.341,0.356,26.8
2025-08-01,32.1,24.0,1.50,8.0,1.50,24.01,75,0.292,0.333,27.3
2025-08-02,32.1,24.1,1.70,10.0,1.70,23.49,76,0.264,0.322,27.4
2025-08-03,32.6,23.5,1.40,7.0,1.40,23.67,75,0.257,0.318,26.9
2025-08-04,32.9,23.0,0.30,3.0,0.30,24.05,74,0.224,0.297,27.6
2025-08-05,32.7,23.6,0.80,6.0,0.80,22.93,74,0.209,0.289,27.4
2025-08-06,33.8,23.2,1.10,4.0,1.10,24.67,74,0.212,0.285,27.3
2025-08-07,32.9,22.4,1.40,3.0,1.40,23.12,76,0.250,0.275,26.5
2025-08-08,32.0,22.7,1.90,5.0,1.90,21.93,81,0.254,0.274,25.9
2025-08-09,31.5,23.4,2.30,5.0,2.30,19.91,79,0.233,0.274,26.0
2025-08-10,31.5,22.2,17.40,14.0,17.40,23.67,80,0.237,0.274,25.9
2025-08-11,31.2,22.0,5.30,10.0,5.30,23.23,82,0.306,0.274,25.5
2025-08-12,30.0,21.9,12.20,11.0,12.20,22.50,83,0.366,0.276,25.3
2025-08-13,29.4,22.2,1.50,8.0,1.50,20.84,85,0.408,0.282,24.8
2025-08-14,29.0,21.7,7.30,11.0,7.30,20.98,85,0.383,0.284,24.5
2025-08-15,28.1,21.6,11.40,13.0,11.40,18.95,88,0.448,0.306,24.0
2025-08-16,27.5,21.2,11.70,15.0,11.70,15.36,90,0.449,0.322,23.4
2025-08-17,27.0,21.8,13.80,19.0,13.80,17.05,91,0.475,0.364,23.5
2025-08-18,28.2,22.0,9.40,15.0,9.40,19.68,87,0.467,0.397,24.3
2025-08-19,28.2,22.2,4.30,9.0,4.30,19.14,87,0.434,0.393,24.9
2025-08-20,30.1,22.2,16.20,10.0,16.20,20.85,86,0.444,0.389,24.9
2025-08-21,28.8,21.8,12.20,12.0,12.20,15.07,89,0.459,0.393,23.6
2025-08-22,29.2,21.0,3.50,13.0,3.50,21.92,82,0.456,0.432,24.7
2025-08-23,29.2,21.9,11.20,9.0,11.20,20.93,87,0.447,0.420,24.2
2025-08-24,27.3,21.8,5.90,12.0,5.90,16.00,88,0.441,0.403,24.0
2025-08-25,29.8,22.4,6.70,7.0,6.70,20.45,85,0.428,0.402,24.8
2025-08-26,28.8,22.1,3.00,10.0,3.00,18.39,82,0.464,0.439,24.9
2025-08-27,28.7,22.0,7.20,12.0,7.20,20.13,87,0.455,0.434,24.2
2025-08-28,26.1,21.6,9.30,13.0,9.30,16.60,91,0.489,0.462,23.3
2025-08-29,26.5,21.8,23.80,23.0,23.80,15.33,91,0.494,0.478,23.5
2025-08-30,26.8,22.0,32.80,21.0,32.80,13.82,93,0.508,0.507,23.5
2025-08-31,28.8,21.6,12.20,11.0,12.20,21.67,88,0.495,0.488,24.5
2025-09-01,28.6,21.9,18.70,13.0,18.70,20.66,89,0.490,0.485,24.4
2025-09-02,28.6,21.8,14.90,14.0,14.90,15.07,92,0.503,0.498,24.0
2025-09-03,28.5,22.4,9.90,16.0,9.90,16.86,91,0.501,0.495,24.2
2025-09-04,29.1,21.6,13.70,11.0,13.70,18.96,90,0.497,0.499,24.4
2025-09-05,28.4,22.5,22.30,15.0,22.30,19.76,90,0.488,0.487,24.7
2025-09-06,28.9,22.7,10.40,19.0,10.40,17.33,91,0.505,0.498,24.5
2025-09-07,26.7,22.0,32.50,24.0,32.50,9.66,95,0.511,0.505,23.4
2025-09-08,28.5,21.9,25.60,18.0,25.60,17.29,88,0.503,0.505,24.1
2025-09-09,28.5,22.2,2.90,8.0,2.90,16.88,88,0.493,0.498,24.5
2025-09-10,28.2,21.8,4.10,7.0,4.10,20.05,89,0.479,0.485,24.6
2025-09-11,30.2,22.2,5.30,9.0,5.30,21.54,86,0.474,0.481,25.0
2025-09-12,30.2,21.3,0.90,3.0,0.90,23.52,81,0.452,0.476,25.2
2025-09-13,30.9,22.3,4.50,3.0,4.50,22.98,83,0.444,0.462,25.5
2025-09-14,28.6,21.9,21.10,15.0,21.10,18.67,91,0.485,0.468,24.0
2025-09-15,28.5,21.4,23.80,10.0,23.80,19.44,88,0.488,0.481,24.2
2025-09-16,28.2,21.5,6.90,11.0,6.90,18.24,89,0.481,0.480,23.8
2025-09-17,26.4,21.8,15.30,18.0,15.30,16.10,92,0.484,0.475,23.5
2025-09-18,27.5,22.1,22.80,23.0,22.80,15.56,93,0.504,0.493,23.8
2025-09-19,27.9,22.1,20.60,13.0,20.60,15.82,90,0.502,0.506,24.3
2025-09-20,29.2,22.2,4.30,8.0,4.30,23.02,84,0.482,0.490,25.1
2025-09-21,28.0,22.8,10.90,15.0,10.90,16.68,90,0.489,0.480,24.4
2025-09-22,25.8,22.2,44.90,24.0,44.90,10.51,94,0.512,0.511,23.3
2025-09-23,25.9,21.6,25.10,18.0,25.10,14.71,90,0.502,0.507,23.6
2025-09-24,28.7,21.9,2.00,7.0,2.00,20.57,83,0.484,0.492,24.7
2025-09-25,28.4,22.1,25.60,22.0,25.60,19.62,88,0.491,0.491,24.5
2025-09-26,25.5,22.0,10.80,22.0,10.80,12.01,94,0.504,0.506,23.5
2025-09-27,26.4,21.8,29.30,19.0,29.30,11.30,92,0.503,0.511,23.5
2025-09-28,27.4,22.0,4.40,16.0,4.40,10.95,87,0.497,0.503,24.4
2025-09-29,29.6,23.1,18.30,5.0,18.30,17.78,82,0.485,0.500,25.2
2025-09-30,29.1,21.6,2.60,4.0,2.60,18.54,85,0.485,0.499,24.4
2025-10-01,30.3,20.8,0.00,0.0,0.00,23.53,80,0.457,0.488,25.2
2025-10-02,29.7,21.5,0.70,3.0,0.70,23.08,79,0.420,0.470,25.1
2025-10-03,30.5,21.9,5.50,9.0,5.50,23.27,77,0.393,0.454,25.6
2025-10-04,28.5,21.5,22.70,18.0,22.70,19.89,90,0.450,0.448,23.7
2025-10-05,28.3,21.7,3.30,6.0,3.30,17.65,86,0.460,0.441,24.3
2025-10-06,29.3,22.2,0.10,1.0,0.10,21.76,79,0.407,0.434,25.3
2025-10-07,28.5,21.9,1.70,5.0,1.70,16.66,85,0.381,0.426,24.4
2025-10-08,29.2,21.8,0.30,2.0,0.30,20.07,81,0.364,0.414,24.9
2025-10-09,27.8,21.7,4.10,9.0,4.10,17.54,86,0.366,0.407,24.0
2025-10-10,27.6,22.2,9.50,8.0,9.50,18.66,87,0.382,0.403,24.3
2025-10-11,28.0,21.5,4.10,8.0,4.10,14.64,89,0.415,0.399,24.0
2025-10-12,28.4,21.6,20.30,10.0,20.30,16.68,88,0.436,0.400,24.2
2025-10-13,29.6,22.1,21.80,16.0,21.80,15.75,89,0.461,0.410,24.3
2025-10-14,29.4,22.4,15.50,13.0,15.50,18.70,88,0.464,0.415,24.3
2025-10-15,29.3,21.3,0.10,1.0,0.10,21.20,81,0.441,0.417,25.1
2025-10-16,27.7,23.1,0.30,3.0,0.30,12.52,85,0.410,0.417,24.5
2025-10-17,29.6,23.1,0.10,1.0,0.10,21.59,81,0.383,0.411,25.5
2025-10-18,28.2,22.7,4.00,4.0,4.00,20.14,82,0.365,0.405,25.1
2025-10-19,29.7,22.0,5.80,6.0,5.80,18.57,85,0.327,0.394,24.5
2025-10-20,28.6,22.2,8.70,9.0,8.70,13.84,87,0.328,0.384,24.5
2025-10-21,28.4,22.7,6.20,9.0,6.20,13.01,84,0.304,0.372,24.9
2025-10-22,29.4,22.1,0.10,1.0,0.10,17.37,78,0.281,0.356,25.5
2025-10-23,30.6,22.3,0.40,2.0,0.40,22.15,73,0.254,0.350,25.6
2025-10-24,26.8,22.7,1.20,4.0,1.20,10.52,84,0.243,0.340,24.3
2025-10-25,24.6,21.6,5.00,17.0,5.00,5.97,92,0.321,0.336,23.1
2025-10-26,28.9,21.6,10.20,11.0,10.20,12.60,89,0.380,0.335,23.7
2025-10-27,25.9,21.8,56.30,24.0,56.30,10.90,95,0.505,0.437,22.9
2025-10-28,27.9,22.6,10.80,16.0,10.80,14.93,89,0.493,0.445,24.1
2025-10-29,27.3,21.9,17.90,12.0,17.90,12.45,91,0.487,0.464,23.8
2025-10-30,28.5,22.4,16.90,12.0,16.90,14.77,89,0.498,0.505,24.5
2025-10-31,28.9,22.4,20.40,13.0,20.40,16.91,90,0.498,0.503,24.4
2025-11-01,28.5,22.2,21.10,17.0,21.10,14.80,91,0.495,0.502,23.9
2025-11-02,25.7,21.7,11.50,8.0,11.50,10.67,93,0.497,0.504,23.2
2025-11-03,28.5,21.5,17.70,15.0,17.70,15.33,90,0.492,0.501,24.0
2025-11-04,29.7,22.4,9.90,11.0,9.90,16.37,89,0.492,0.499,24.5
2025-11-05,28.7,22.4,3.50,6.0,3.50,17.19,87,0.474,0.486,24.4
2025-11-06,23.9,21.9,99.70,16.0,99.70,3.06,93,0.488,0.494,22.6
2025-11-07,29.5,21.7,36.20,14.0,36.20,17.04,86,0.499,0.508,24.5
2025-11-08,30.3,21.4,3.00,4.0,3.00,17.87,86,0.473,0.491,24.7
2025-11-09,30.2,22.0,1.10,6.0,1.10,20.06,82,0.442,0.477,25.3
2025-11-10,29.4,21.6,0.40,4.0,0.40,20.61,80,0.413,0.463,25.4
2025-11-11,29.5,21.8,2.80,7.0,2.80,17.79,85,0.398,0.450,24.7
2025-11-12,29.2,22.5,0.60,4.0,0.60,19.88,80,0.375,0.435,25.1
2025-11-13,28.1,21.2,0.00,0.0,0.00,20.33,78,0.340,0.419,24.0
2025-11-14,26.1,18.3,0.00,0.0,0.00,19.62,76,0.325,0.412,22.0
2025-11-15,26.9,17.9,0.00,0.0,0.00,16.09,78,0.309,0.403,22.4
2025-11-16,24.7,21.1,13.10,19.0,13.10,6.57,93,0.379,0.406,22.6
2025-11-17,26.0,21.6,3.30,8.0,3.30,9.48,88,0.467,0.441,23.3
2025-11-18,26.0,21.8,8.50,15.0,8.50,11.73,89,0.449,0.440,23.3
2025-11-19,25.1,20.4,98.30,22.0,98.30,5.91,94,0.510,0.504,21.9
2025-11-20,24.2,19.4,13.70,20.0,13.70,6.92,86,0.504,0.510,21.6
2025-11-21,24.0,20.3,1.20,5.0,1.20,6.00,84,0.495,0.499,21.7
2025-11-22,24.4,19.8,4.10,11.0,4.10,6.82,86,0.484,0.491,22.0
2025-11-23,26.6,21.8,0.40,3.0,0.40,12.59,84,0.471,0.484,23.5
2025-11-24,27.6,22.1,0.00,0.0,0.00,18.51,81,0.446,0.475,23.9
2025-11-25,26.3,19.5,0.00,0.0,0.00,17.10,77,0.424,0.463,22.5
2025-11-26,25.4,17.8,0.00,0.0,0.00,14.80,78,0.407,0.452,21.1
2025-11-27,25.4,16.8,0.00,0.0,0.00,16.65,76,0.389,0.440,20.4
2025-11-28,23.3,16.4,0.00,0.0,0.00,14.41,75,0.367,0.426,19.7
2025-11-29,27.6,19.0,0.20,2.0,0.20,14.29,76,0.357,0.417,23.0
2025-11-30,27.8,20.5,0.40,4.0,0.40,16.15,81,0.336,0.398,24.3
2025-12-01,28.9,22.1,3.10,11.0,3.10,15.98,83,0.326,0.393,24.7
2025-12-02,28.2,21.0,1.20,9.0,1.20,17.90,83,0.326,0.386,24.7
2025-12-03,25.1,22.1,18.70,11.0,18.70,6.99,91,0.375,0.382,23.2
2025-12-04,27.0,21.5,2.30,1.0,2.30,17.07,82,0.386,0.384,23.6
2025-12-05,26.7,20.3,0.00,0.0,0.00,16.97,80,0.350,0.380,22.9
2025-12-06,25.6,19.1,0.00,0.0,0.00,16.38,78,0.323,0.376,21.9
2025-12-07,26.6,17.3,0.00,0.0,0.00,19.66,74,0.298,0.372,21.1
2025-12-08,25.7,16.2,0.00,0.0,0.00,14.36,79,0.280,0.368,20.6
2025-12-09,25.7,18.5,0.10,1.0,0.10,13.90,80,0.275,0.368,21.6
2025-12-10,26.0,19.9,5.20,11.0,5.20,9.82,88,0.293,0.370,22.4
2025-12-11,28.0,21.8,0.00,0.0,0.00,15.94,80,0.291,0.376,23.9
2025-12-12,27.2,21.1,0.00,0.0,0.00,14.90,78,0.272,0.369,23.6
2025-12-13,27.6,20.4,0.00,0.0,0.00,16.80,78,0.253,0.363,23.2
2025-12-14,26.6,20.7,0.00,0.0,0.00,15.04,79,0.241,0.361,22.8
2025-12-15,26.1,20.6,0.00,0.0,0.00,13.53,79,0.232,0.358,22.7
2025-12-16,26.9,20.5,0.00,0.0,0.00,13.98,79,0.224,0.357,22.9
2025-12-17,27.3,20.5,0.70,4.0,0.70,14.88,81,0.221,0.358,22.9
2025-12-18,26.3,19.7,0.00,0.0,0.00,13.69,79,0.220,0.356,22.4
2025-12-19,27.5,19.5,0.10,1.0,0.10,13.94,81,0.215,0.354,22.9
2025-12-20,27.9,20.3,1.20,5.0,1.20,16.62,80,0.216,0.353,23.3
2025-12-21,27.9,21.4,0.40,4.0,0.40,17.69,80,0.217,0.354,23.8
2025-12-22,27.4,21.2,0.20,2.0,0.20,17.27,79,0.214,0.353,23.6
2025-12-23,28.2,20.4,0.00,0.0,0.00,16.51,77,0.207,0.347,23.4
2025-12-24,27.2,21.0,0.00,0.0,0.00,11.87,79,0.197,0.340,23.7
2025-12-25,28.0,21.0,2.50,7.0,2.50,12.45,81,0.199,0.335,23.3
2025-12-26,26.5,19.7,0.00,0.0,0.00,12.62,76,0.192,0.330,22.2
2025-12-27,25.9,19.3,0.00,0.0,0.00,16.75,74,0.189,0.327,21.8
2025-12-28,27.3,19.0,0.00,0.0,0.00,19.32,76,0.187,0.322,22.0
2025-12-29,27.3,18.4,0.00,0.0,0.00,20.29,75,0.184,0.317,21.7
2025-12-30,26.8,18.4,0.00,0.0,0.00,20.92,72,0.183,0.313,21.4
2025-12-31,26.8,17.2,0.00,0.0,0.00,21.28,68,0.180,0.306,21.3
2026-01-01,26.2,17.5,0.00,0.0,0.00,20.07,69,0.179,0.301,21.3
2026-01-02,26.2,17.8,0.00,0.0,0.00,16.69,73,0.178,0.300,21.0
2026-01-03,25.4,17.3,0.00,0.0,0.00,17.76,71,0.178,0.300,20.6
2026-01-04,25.4,16.7,0.00,0.0,0.00,12.87,79,0.188,0.304,20.7
2026-01-05,25.7,19.4,0.00,0.0,0.00,13.59,76,0.191,0.305,21.8
2026-01-06,25.6,18.5,0.00,0.0,0.00,16.39,71,0.197,0.311,21.1
2026-01-07,23.8,17.3,0.00,0.0,0.00,15.40,72,0.191,0.316,19.8
2026-01-08,24.7,15.7,0.00,0.0,0.00,17.07,69,0.187,0.312,19.1
2026-01-09,24.2,14.5,0.00,0.0,0.00,19.79,68,0.179,0.310,18.4
2026-01-10,24.4,13.4,0.00,0.0,0.00,19.72,71,0.185,0.310,18.8
2026-01-11,25.0,15.4,0.00,0.0,0.00,17.76,68,0.187,0.309,19.7
2026-01-12,26.4,16.4,0.00,0.0,0.00,21.36,69,0.182,0.309,20.6
2026-01-13,26.0,16.9,0.00,0.0,0.00,21.03,66,0.187,0.308,20.8
2026-01-14,27.2,17.7,0.00,0.0,0.00,20.97,73,0.187,0.307,21.6
2026-01-15,30.2,17.5,0.00,0.0,0.00,20.69,70,0.188,0.305,22.4
2026-01-16,29.3,17.1,0.00,0.0,0.00,22.02,66,0.184,0.304,22.5
2026-01-17,30.0,18.1,0.00,0.0,0.00,19.03,64,0.184,0.302,23.3
2026-01-18,29.3,18.9,0.00,0.0,0.00,19.97,58,0.184,0.301,23.1
2026-01-19,28.6,18.4,0.00,0.0,0.00,20.70,63,0.184,0.300,22.5
2026-01-20,27.5,17.8,0.00,0.0,0.00,19.86,65,0.183,0.300,22.0
2026-01-21,27.6,17.0,0.00,0.0,0.00,20.82,70,0.181,0.297,21.3
2026-01-22,26.8,17.8,0.00,0.0,0.00,14.88,74,0.183,0.296,21.1
2026-01-23,26.6,17.9,0.00,0.0,0.00,19.84,72,0.177,0.295,21.3
2026-01-24,27.3,17.7,0.00,0.0,0.00,21.18,70,0.170,0.295,21.3
2026-01-25,27.5,17.0,0.00,0.0,0.00,22.10,68,0.162,0.297,21.3
2026-01-26,27.6,17.7,0.00,0.0,0.00,21.63,69,0.161,0.294,21.6
2026-01-27,27.5,17.4,0.00,0.0,0.00,22.08,69,0.162,0.293,21.7
2026-01-28,27.6,17.6,0.00,0.0,0.00,18.20,72,0.162,0.292,21.6
2026-01-29,27.9,18.0,0.00,0.0,0.00,22.34,67,0.166,0.292,22.1
2026-01-30,28.9,18.3,0.00,0.0,0.00,21.33,65,0.163,0.291,22.5
2026-01-31,28.3,18.7,0.00,0.0,0.00,19.75,65,0.163,0.290,22.5
2026-02-01,28.0,17.4,0.00,0.0,0.00,17.34,71,0.164,0.290,21.8
2026-02-02,27.9,18.1,0.00,0.0,0.00,17.70,74,0.168,0.288,22.0
2026-02-03,26.6,19.3,0.00,0.0,0.00,14.54,74,0.169,0.288,22.1
2026-02-04,28.1,18.4,0.00,0.0,0.00,21.96,71,0.165,0.290,22.4
2026-02-05,30.0,19.0,0.00,0.0,0.00,17.61,67,0.165,0.289,24.1
2026-02-06,31.0,19.0,0.00,0.0,0.00,19.05,64,0.170,0.288,24.8
2026-02-07,30.2,19.3,0.00,0.0,0.00,19.05,69,0.169,0.287,23.8
2026-02-08,28.0,18.7,0.00,0.0,0.00,19.11,68,0.166,0.287,22.4
2026-02-09,28.1,18.9,0.00,0.0,0.00,21.94,69,0.167,0.286,22.4
2026-02-10,28.4,18.6,0.00,0.0,0.00,21.06,72,0.167,0.286,22.6
2026-02-11,26.4,20.7,3.00,8.0,3.00,10.18,79,0.194,0.290,22.5
2026-02-12,28.4,20.6,0.00,0.0,0.00,19.36,69,0.192,0.289,23.6
2026-02-13,29.7,19.0,0.00,0.0,0.00,22.58,68,0.177,0.289,23.3
2026-02-14,29.5,19.3,0.00,0.0,0.00,22.80,66,0.170,0.288,23.6
2026-02-15,28.2,19.3,0.00,0.0,0.00,19.47,73,0.179,0.288,23.3
2026-02-16,30.9,20.3,0.10,1.0,0.10,22.87,71,0.185,0.290,24.6
2026-02-17,30.2,20.7,0.00,0.0,0.00,21.77,68,0.181,0.289,24.3
2026-02-18,29.9,21.1,0.00,0.0,0.00,20.89,71,0.177,0.288,24.2
2026-02-19,29.1,19.9,0.00,0.0,0.00,18.59,69,0.180,0.288,23.6
2026-02-20,29.1,19.6,0.00,0.0,0.00,22.13,69,0.178,0.286,23.2
2026-02-21,31.9,18.9,0.00,0.0,0.00,24.34,65,0.178,0.286,24.4
2026-02-22,32.8,19.2,0.00,0.0,0.00,22.17,66,0.178,0.285,25.4
2026-02-23,32.3,20.6,0.00,0.0,0.00,24.52,62,0.181,0.283,25.3
2026-02-24,32.6,19.7,0.00,0.0,0.00,23.97,61,0.182,0.284,25.2
2026-02-25,31.9,19.6,0.00,0.0,0.00,24.09,65,0.182,0.284,25.1
2026-02-26,32.3,22.2,6.20,6.0,6.20,19.06,74,0.208,0.281,25.2
2026-02-27,28.5,21.6,10.60,19.0,10.60,13.40,86,0.425,0.323,23.8
2026-02-28,29.6,20.6,0.80,2.0,0.80,19.68,84,0.459,0.448,24.2
2026-03-01,30.4,21.4,2.90,9.0,2.90,20.28,82,0.442,0.440,25.0
2026-03-02,31.2,21.7,1.10,6.0,1.10,21.08,81,0.447,0.436,25.7
2026-03-03,31.4,21.8,0.80,3.0,0.80,19.42,78,0.408,0.426,25.7
2026-03-04,31.3,21.7,0.00,0.0,0.00,23.25,71,0.357,0.410,25.9
2026-03-05,28.2,21.2,1.10,2.0,1.10,14.85,77,0.326,0.399,24.1
2026-03-06,28.1,21.0,2.20,5.0,2.20,18.16,76,0.311,0.391,23.7
2026-03-07,27.3,20.0,0.00,0.0,0.00,17.02,71,0.294,0.383,23.2
2026-03-08,28.8,18.9,0.00,0.0,0.00,19.83,72,0.274,0.375,23.1
2026-03-09,29.1,20.5,0.50,4.0,0.50,19.60,76,0.258,0.367,23.8
2026-03-10,28.6,20.8,0.10,1.0,0.10,23.14,73,0.239,0.357,23.9
2026-03-11,28.5,19.6,0.00,0.0,0.00,19.85,68,0.221,0.351,23.2
2026-03-12,28.5,19.6,0.60,2.0,0.60,22.11,71,0.215,0.347,23.2
2026-03-13,27.9,19.5,0.30,2.0,0.30,19.54,70,0.209,0.341,23.0
2026-03-14,27.7,20.2,0.10,1.0,0.10,18.22,74,0.199,0.334,22.9
2026-03-15,28.7,19.4,2.60,2.0,2.60,21.87,72,0.203,0.331,23.0
2026-03-16,29.6,19.4,0.20,2.0,0.20,24.56,67,0.187,0.323,23.7
2026-03-17,30.9,19.6,0.00,0.0,0.00,25.48,61,0.188,0.319,24.4
2026-03-18,32.3,19.3,0.00,0.0,0.00,25.31,59,0.190,0.317,25.0
2026-03-19,32.1,19.6,0.00,0.0,0.00,24.93,63,0.197,0.315,25.2
2026-03-20,32.8,19.9,0.00,0.0,0.00,23.72,63,0.191,0.311,25.6
2026-03-21,32.1,19.8,0.00,0.0,0.00,25.44,66,0.186,0.305,25.3
2026-03-22,32.1,20.5,0.00,0.0,0.00,26.06,65,0.188,0.302,25.5
2026-03-23,32.4,19.8,0.00,0.0,0.00,26.04,62,0.188,0.299,25.3
2026-03-24,34.2,19.4,0.00,0.0,0.00,26.61,58,0.184,0.296,25.7
2026-03-25,33.7,18.6,0.00,0.0,0.00,26.51,61,0.184,0.292,26.0
2026-03-26,35.6,19.7,0.00,0.0,0.00,26.94,57,0.184,0.290,26.9
2026-03-27,36.6,19.9,0.00,0.0,0.00,26.68,56,0.183,0.288,27.4
2026-03-28,37.6,20.4,0.00,0.0,0.00,26.67,56,0.183,0.286,28.0
2026-03-29,36.1,20.5,0.00,0.0,0.00,25.70,60,0.183,0.284,27.9
2026-03-30,34.9,22.3,0.00,0.0,0.00,23.68,57,0.182,0.279,28.5
2026-03-31,34.8,22.2,0.20,2.0,0.20,24.13,53,0.184,0.282,28.5
2026-04-01,36.6,23.2,0.00,0.0,0.00,25.53,46,0.182,0.282,29.5
2026-04-02,35.1,21.6,0.00,0.0,0.00,26.89,50,0.181,0.286,27.9
2026-04-03,34.6,19.5,0.00,0.0,0.00,27.13,42,0.177,0.287,27.6
2026-04-04,35.5,22.1,0.00,0.0,0.00,25.63,49,0.176,0.280,29.2
2026-04-05,36.6,22.8,0.00,0.0,0.00,26.21,46,0.174,0.279,29.9
2026-04-06,36.6,23.4,0.00,0.0,0.00,25.76,48,0.172,0.279,30.2
2026-04-07,36.2,23.7,0.00,0.0,0.00,25.37,47,0.175,0.287,30.1
2026-04-08,37.6,23.8,0.00,0.0,0.00,26.00,45,0.177,0.284,30.6
2026-04-09,35.9,23.9,0.00,0.0,0.00,24.56,53,0.177,0.283,30.2
2026-04-10,35.9,23.8,0.00,0.0,0.00,24.80,47,0.177,0.282,30.1
2026-04-11,36.2,24.2,0.00,0.0,0.00,25.85,47,0.175,0.279,30.4
2026-04-12,36.6,24.1,0.00,0.0,0.00,26.27,47,0.184,0.282,30.8
2026-04-13,35.9,24.9,0.20,1.0,0.20,24.23,56,0.177,0.280,30.2
2026-04-14,35.9,25.3,0.00,0.0,0.00,23.24,59,0.196,0.281,30.1
2026-04-15,36.0,24.2,0.30,2.0,0.30,22.82,66,0.228,0.280,28.7
2026-04-16,34.1,23.0,0.50,2.0,0.50,23.56,70,0.289,0.285,27.7
2026-04-17,33.9,22.9,0.40,2.0,0.40,23.51,65,0.263,0.291,28.0
2026-04-18,33.2,23.1,0.00,0.0,0.00,21.94,64,0.225,0.299,27.8
2026-04-19,35.0,22.4,0.00,0.0,0.00,25.55,57,0.197,0.278,28.1
2026-04-20,33.5,22.1,0.30,3.0,0.30,25.24,55,0.192,0.299,27.4
2026-04-21,33.9,22.6,0.10,1.0,0.10,24.48,54,0.190,0.307,28.1
2026-04-22,33.3,23.0,0.00,0.0,0.00,21.74,58,0.192,0.305,28.0
2026-04-23,34.8,23.5,0.60,2.0,0.60,24.70,62,0.189,0.298,28.5
2026-04-24,34.4,24.0,0.40,4.0,0.40,23.52,64,0.194,0.296,28.8
2026-04-25,33.8,24.5,0.90,1.0,0.90,22.55,66,0.194,0.293,28.0
2026-04-26,34.8,23.2,0.00,0.0,0.00,24.31,57,0.175,0.290,28.3
2026-04-27,34.2,23.2,2.00,5.0,2.00,24.26,62,0.180,0.297,28.4
2026-04-28,32.9,23.5,12.50,7.0,12.50,18.51,74,0.217,0.301,26.7
2026-04-29,32.5,23.9,3.70,5.0,3.70,21.47,76,0.229,0.317,26.9
2026-04-30,32.2,23.6,0.30,2.0,0.30,24.71,72,0.287,0.314,27.4
2026-05-01,33.1,22.7,0.40,2.0,0.40,24.59,68,0.257,0.314,27.2
2026-05-02,33.9,23.3,2.50,1.0,2.50,24.36,69,0.251,0.322,27.6
2026-05-03,35.3,22.7,0.00,0.0,0.00,26.14,63,0.244,0.314,28.5
2026-05-04,33.5,23.6,0.10,1.0,0.10,23.10,65,0.215,0.311,28.1
2026-05-05,32.3,23.7,1.10,6.0,1.10,21.44,69,0.201,0.312,27.2
2026-05-06,33.8,22.9,4.80,3.0,4.80,21.57,70,0.222,0.304,27.3
2026-05-07,34.3,23.5,0.00,0.0,0.00,25.94,64,0.243,0.309,28.4
2026-05-08,34.1,23.2,0.00,0.0,0.00,26.55,63,0.209,0.302,27.9
2026-05-09,33.7,22.9,1.50,4.0,1.50,24.90,66,0.199,0.304,27.6
2026-05-10,33.6,24.0,0.30,2.0,0.30,24.87,66,0.196,0.303,28.1
2026-05-11,33.8,23.8,0.00,0.0,0.00,25.47,65,0.191,0.296,28.3
2026-05-12,36.3,24.2,0.00,0.0,0.00,26.02,58,0.194,0.296,29.6
2026-05-13,33.6,24.6,1.30,4.0,1.30,22.55,70,0.201,0.299,28.6
2026-05-14,34.0,24.3,6.20,16.0,6.20,23.16,76,0.217,0.290,28.2
2026-05-15,34.4,23.2,3.20,6.0,3.20,24.43,76,0.240,0.287,28.0
2026-05-16,30.7,23.1,23.20,11.0,23.20,15.17,78,0.433,0.297,26.5
2026-05-17,31.5,24.2,2.30,8.0,2.30,19.57,83,0.430,0.311,26.4
2026-05-18,32.9,23.4,20.40,19.0,20.40,19.74,87,0.459,0.315,26.2
2026-05-19,32.1,23.6,10.70,15.0,10.70,19.75,86,0.447,0.340,26.4
2026-05-20,31.9,24.1,1.40,5.0,1.40,21.18,80,0.420,0.362,27.2
2026-05-21,32.5,23.9,3.10,9.0,3.10,22.74,83,0.388,0.354,27.0
2026-05-22,32.7,23.9,0.50,4.0,0.50,25.28,76,0.382,0.355,27.8
2026-05-23,31.5,24.5,2.90,7.0,2.90,23.29,82,0.338,0.343,26.9
2026-05-24,33.1,22.8,5.40,9.0,5.40,24.11,78,0.326,0.335,27.3
2026-05-25,32.2,23.4,1.50,4.0,1.50,23.25,79,0.293,0.338,26.9
2026-05-26,32.6,23.7,1.90,7.0,1.90,24.72,77,0.250,0.330,27.0
2026-05-27,33.2,23.4,3.40,6.0,3.40,24.77,80,0.265,0.325,26.8
2026-05-28,30.4,22.8,3.50,6.0,3.50,18.62,81,0.286,0.329,26.7
2026-05-29,28.8,22.7,5.50,8.0,5.50,12.49,84,0.314,0.334,25.9
2026-05-30,28.1,22.4,18.50,17.0,18.50,13.39,93,0.429,0.343,24.3
2026-05-31,25.4,21.8,25.00,21.0,25.00,7.08,97,0.495,0.407,23.5
2026-06-01,27.6,22.2,22.70,24.0,22.70,13.03,93,0.504,0.477,24.1
2026-06-02,28.6,23.0,6.50,10.0,6.50,14.70,90,0.496,0.486,24.8
2026-06-03,29.2,22.7,5.50,10.0,5.50,20.69,85,0.476,0.473,25.4
2026-06-04,29.9,22.9,2.70,8.0,2.70,19.62,85,0.469,0.461,25.6
2026-06-05,30.7,23.4,1.20,8.0,1.20,23.72,80,0.442,0.447,26.6
2026-06-06,31.9,23.5,2.90,7.0,2.90,22.82,79,0.409,0.433,27.1
2026-06-07,31.9,23.5,13.40,10.0,13.40,23.49,82,0.376,0.415,26.7
2026-06-08,31.2,22.9,2.40,10.0,2.40,23.62,80,0.394,0.405,26.7
2026-06-09,31.8,23.2,9.40,16.0,9.40,19.25,85,0.419,0.398,26.0
2026-06-10,29.9,23.3,4.70,13.0,4.70,19.50,88,0.449,0.409,25.6
2026-06-11,29.5,22.5,2.50,13.0,2.50,18.65,86,0.459,0.421,25.7
2026-06-12,30.4,22.9,3.70,7.0,3.70,21.81,85,0.420,0.418,25.9
2026-06-13,31.4,22.9,6.90,12.0,6.90,24.82,84,0.389,0.408,25.9
2026-06-14,31.2,22.5,7.00,7.0,7.00,24.53,85,0.393,0.404,25.8
2026-06-15,30.9,22.5,1.60,10.0,1.60,24.53,78,0.397,0.400,26.5
2026-06-16,31.7,22.6,13.30,10.0,13.30,24.29,82,0.402,0.394,26.3
2026-06-17,30.4,22.6,6.90,7.0,6.90,23.80,82,0.416,0.393,26.1
2026-06-18,31.0,22.4,6.60,10.0,6.60,24.22,86,0.385,0.385,25.4
2026-06-19,30.6,22.0,1.10,5.0,1.10,23.61,81,0.417,0.382,26.2
2026-06-20,31.0,22.7,8.20,10.0,8.20,24.09,83,0.409,0.382,26.1
2026-06-21,31.2,22.9,4.60,11.0,4.60,23.23,86,0.419,0.383,25.8
2026-06-22,30.8,22.9,2.20,9.0,2.20,24.79,82,0.406,0.378,26.3
2026-06-23,30.9,22.3,6.10,12.0,6.10,23.53,85,0.408,0.373,25.9
2026-06-24,32.1,23.2,2.60,7.0,2.60,24.71,80,0.370,0.368,26.6
2026-06-25,31.7,23.1,3.50,7.0,3.50,22.62,77,0.332,0.364,26.8
2026-06-26,31.3,23.2,1.90,7.0,1.90,23.70,79,0.341,0.357,26.7
2026-06-27,31.1,23.1,8.10,13.0,8.10,22.29,85,0.364,0.356,25.9
2026-06-28,31.3,23.3,16.10,11.0,16.10,22.58,87,0.375,0.349,25.9
2026-06-29,30.4,23.7,5.10,15.0,5.10,19.50,87,0.400,0.347,25.9
2026-06-30,30.3,23.1,10.10,10.0,10.10,17.49,88,0.404,0.339,25.4
2026-07-01,28.6,23.0,8.80,15.0,8.80,18.93,89,0.430,0.343,25.5
2026-07-02,26.8,22.9,24.20,22.0,24.20,12.32,92,0.462,0.356,24.4
2026-07-03,27.8,22.9,5.00,18.0,5.00,10.70,90,0.475,0.412,24.5
2026-07-04,27.5,23.4,6.30,12.0,6.30,12.80,84,0.470,0.446,24.9
2026-07-05,28.5,22.6,0.50,4.0,0.50,16.03,82,0.451,0.442,25.3
2026-07-06,29.7,23.0,8.30,11.0,8.30,18.96,87,0.440,0.433,25.5
2026-07-07,25.5,22.7,12.60,18.0,12.60,7.05,95,0.485,0.439,23.9
2026-07-08,29.9,22.2,3.30,9.0,3.30,23.16,78,0.452,0.450,25.6
2026-07-09,29.4,21.8,12.40,13.0,12.40,22.08,81,0.462,0.447,25.6
2026-07-10,30.0,23.1,2.10,10.0,2.10,23.67,74,0.434,0.438,26.4
2026-07-11,29.5,23.1,13.90,14.0,13.90,20.65,80,0.432,0.428,25.5
2026-07-12,29.6,22.4,5.00,14.0,5.00,20.84,83,0.483,0.442,25.5
2026-07-13,29.8,23.0,5.20,15.0,5.20,21.67,84,0.470,0.455,25.2
2026-07-14,29.3,22.6,3.80,13.0,3.80,20.80,81,0.448,0.446,25.7
2026-07-15,30.5,22.8,12.90,15.0,12.90,21.06,81,0.433,0.429,25.6
2026-07-16,28.8,22.4,4.40,15.0,4.40,16.74,84,0.471,0.443,25.0
2026-07-17,28.2,22.2,4.90,12.0,4.90,17.50,85,0.473,0.444,24.7
2026-07-18,30.1,22.2,2.10,11.0,2.10,24.18,83,0.466,0.453,25.4
2026-07-19,31.2,22.1,0.10,1.0,0.10,25.57,77,0.423,0.443,26.1
2026-07-20,31.1,22.8,0.40,4.0,0.40,25.30,75,0.389,0.431,26.4
2026-07-21,30.9,22.5,0.90,7.0,0.90,25.38,75,0.358,0.418,26.3
2026-07-22,30.6,22.7,5.80,10.0,5.80,23.85,80,0.340,0.405,25.7
2026-07-23,28.4,22.2,10.70,14.0,10.70,23.03,88,0.346,0.388,24.9
2026-07-24,29.9,21.8,1.30,6.0,1.30,21.42,82,0.382,0.383,25.4
2026-07-25,29.5,22.6,4.10,10.0,4.10,21.97,83,0.411,0.378,25.2
2026-07-26,29.6,22.6,21.30,15.0,21.30,22.98,86,0.464,0.390,24.9
2026-07-27,28.9,22.5,13.80,14.0,13.80,21.86,89,0.470,0.394,24.5
2026-07-28,27.9,22.1,32.60,21.0,32.60,16.49,89,0.489,0.422,24.4
2026-07-29,28.4,22.2,19.00,17.0,19.00,19.35,90,0.479,0.420,24.5
2026-07-30,29.6,23.0,10.20,14.0,10.20,21.98,89,0.472,0.428,25.1
2026-07-31,29.5,23.1,4.20,12.0,4.20,19.57,89,0.461,0.429,25.1
2026-08-01,29.0,23.1,9.70,12.0,9.70,18.67,89,0.470,0.432,25.1
2026-08-02,30.2,22.9,6.60,17.0,6.60,22.82,85,0.471,0.439,25.8
2026-08-03,30.6,22.7,2.90,10.0,2.90,24.24,81,0.460,0.454,26.4
2026-08-04,29.0,22.1,12.20,13.0,12.20,19.03,86,0.442,0.444,25.4
2026-08-05,26.9,22.9,6.50,18.0,6.50,11.82,89,0.469,0.441,24.7
2026-08-06,29.6,23.3,13.80,13.0,13.80,17.10,88,0.469,0.438,25.3
2026-08-07,28.8,23.1,0.80,6.0,0.80,20.70,82,0.465,0.446,25.6
2026-08-08,29.6,23.2,2.90,7.0,2.90,20.30,82,0.458,0.463,25.7
2026-08-09,26.6,22.5,10.20,19.0,10.20,8.94,89,0.468,0.453,24.5
2026-08-10,28.5,22.2,26.30,19.0,26.30,20.62,88,0.501,0.474,24.5
2026-08-11,28.7,22.4,16.60,22.0,16.60,18.87,87,0.502,0.493,24.8
2026-08-12,29.4,22.9,3.20,11.0,3.20,23.22,84,0.483,0.484,25.7
2026-08-13,29.7,23.0,3.60,14.0,3.60,24.39,81,0.473,0.471,26.1
2026-08-14,30.0,23.2,10.60,16.0,10.60,24.27,83,0.471,0.460,25.9
2026-08-15,29.9,23.1,31.20,16.0,31.20,20.92,87,0.489,0.468,25.3
2026-08-16,30.0,23.1,1.80,9.0,1.80,23.72,81,0.466,0.466,26.1
2026-08-17,28.5,23.8,6.70,10.0,6.70,17.97,86,0.451,0.451,25.2
2026-08-18,29.4,22.8,13.10,12.0,13.10,18.46,86,0.491,0.467,25.1
2026-08-19,28.2,22.3,20.00,18.0,20.00,15.20,89,0.509,0.507,24.3
2026-08-20,28.8,21.8,5.40,13.0,5.40,19.84,84,0.498,0.496,24.8
2026-08-21,29.8,23.1,1.40,11.0,1.40,24.88,76,0.467,0.481,26.0
2026-08-22,30.0,23.4,0.70,6.0,0.70,23.39,74,0.432,0.465,26.4
2026-08-23,29.7,23.1,2.00,11.0,2.00,23.31,76,0.424,0.450,26.3
2026-08-24,30.2,23.1,4.30,14.0,4.30,23.13,78,0.419,0.444,26.3
2026-08-25,30.1,23.5,1.70,7.0,1.70,23.84,74,0.395,0.434,26.5
2026-08-26,30.5,23.5,9.20,15.0,9.20,23.75,77,0.395,0.425,26.4
2026-08-27,30.6,23.0,9.00,17.0,9.00,24.33,84,0.461,0.426,25.9
2026-08-28,30.1,23.1,10.00,17.0,10.00,21.26,81,0.441,0.422,25.8
2026-08-29,28.9,22.6,19.90,18.0,19.90,17.71,88,0.469,0.421,24.7
2026-08-30,29.5,22.2,9.90,19.0,9.90,22.35,86,0.482,0.435,24.9
2026-08-31,28.3,22.6,24.60,16.0,24.60,17.19,89,0.485,0.446,24.4
2026-09-01,27.7,21.6,14.50,14.0,14.50,16.02,87,0.493,0.470,24.1
2026-09-02,27.7,21.9,18.60,19.0,18.60,17.15,91,0.502,0.484,24.2
2026-09-03,28.8,22.0,10.50,19.0,10.50,18.92,89,0.498,0.493,24.5
2026-09-04,27.7,22.0,23.20,23.0,23.20,18.66,93,0.509,0.506,24.0
2026-09-05,28.5,22.7,17.40,15.0,17.40,19.90,89,0.504,0.504,24.7
2026-09-06,29.8,22.3,8.80,17.0,8.80,20.34,86,0.495,0.498,25.2
2026-09-07,29.3,22.8,6.70,16.0,6.70,18.83,89,0.495,0.487,24.9
2026-09-08,29.7,23.0,9.40,12.0,9.40,21.01,84,0.483,0.484,25.7
2026-09-09,25.8,22.1,41.90,24.0,41.90,9.70,95,0.510,0.512,23.2
2026-09-10,26.9,22.2,42.60,24.0,42.60,15.38,92,0.507,0.511,24.0
2026-09-11,29.6,22.1,11.80,23.0,11.80,20.10,88,0.504,0.505,24.5
2026-09-12,26.5,22.3,20.00,19.0,20.00,12.21,92,0.506,0.505,23.7
2026-09-13,29.2,22.4,1.60,9.0,1.60,20.50,86,0.487,0.500,25.1
2026-09-14,29.4,22.6,19.10,8.0,19.10,19.18,85,0.490,0.497,24.9
2026-09-15,30.4,22.7,3.20,13.0,3.20,21.51,86,0.484,0.497,25.3
2026-09-16,29.2,22.7,1.40,8.0,1.40,22.29,87,0.450,0.480,25.3
2026-09-17,29.5,22.7,8.10,11.0,8.10,20.94,85,0.431,0.468,25.5
2026-09-18,30.6,22.5,5.00,12.0,5.00,23.19,82,0.443,0.461,25.7
2026-09-19,28.2,22.2,9.40,16.0,9.40,17.41,87,0.460,0.456,25.0
2026-09-20,29.0,22.5,4.90,13.0,4.90,16.66,87,0.477,0.470,24.9
2026-09-21,27.9,22.9,32.80,20.0,32.80,13.40,93,0.506,0.510,24.2
2026-09-22,27.1,22.1,15.10,21.0,15.10,12.51,91,0.507,0.509,24.0
2026-09-23,28.5,22.9,18.00,22.0,18.00,18.24,88,0.500,0.504,24.5
2026-09-24,27.7,22.6,7.20,16.0,7.20,14.36,90,0.504,0.506,24.6
2026-09-25,28.7,23.0,8.50,13.0,8.50,19.41,88,0.494,0.501,25.0
2026-09-26,29.3,23.1,17.70,17.0,17.70,17.34,88,0.501,0.507,24.9
2026-09-27,30.3,22.5,31.70,13.0,31.70,23.31,87,0.492,0.503,25.2
2026-09-28,29.5,22.7,11.60,13.0,11.60,23.63,88,0.488,0.499,25.1
